Workbook

Sheet Panel de Cumplimiento
A1: PANEL DE CUMPLIMIENTO DE MANTENCIÓN | I1: PANEL DE CUMPLIMIENTO RECAMBIO/ INFORME / PRESUPUESTO
A3: Edificio / Ubicación | B3: Categoría | C3: Prioridad | D3: Total Tareas | E3: Tareas Al Día | F3: % Cumplimiento | G3: Estatus | I3: Edificio / Ubicación | J3: Total Tareas | K3: Activo | L3: Cambiar | M3: Cambiar o Inspección externa | N3: Presupuestar
A4: EDIFICIO PRINCIPAL | B4: SEGURIDAD | C4: 1 | D4: =COUNTIFS('Maestro infraestructura'!$A$2:$A$1052, A4,'Maestro infraestructura'!$X$2:$X$1052,B4,'Maestro infraestructura'!$Y$2:$Y$1052,C4) -> 54 | E4: =COUNTIFS('Maestro infraestructura'!$A$2:$A$1051, A4,'Maestro infraestructura'!$X$2:$X$1051,B4,'Maestro infraestructura'!$Y$2:$Y$1051,C4,'Maestro infraestructura'!$V$2:$V$1051, "AL DÍA") -> 54 | F4: =IF(D4=0,100%,IF(D4>0,E4/D4,0)) -> 1 | G4: =IF(F4=1, "✅ ÓPTIMO", IF(F4>=0.8, "⚠️ PRECAUCIÓN", "❌ CRÍTICO")) -> ✅ ÓPTIMO | I4: EDIFICIO PRINCIPAL | J4: =COUNTIFS('Maestro infraestructura'!$A$2:$A$1052, I4) -> 618 | K4: =+COUNTIFS('Maestro infraestructura'!$A$2:$A$1051, I4,'Maestro infraestructura'!$K$2:$K$1051, $K$3) -> 572 | L4: =+COUNTIFS('Maestro infraestructura'!$A$2:$A$1051, I4,'Maestro infraestructura'!$K$2:$K$1051, $L$3) -> 0 | M4: =+COUNTIFS('Maestro infraestructura'!$A$2:$A$1051, I4,'Maestro infraestructura'!$K$2:$K$1051, $M$3) -> 44 | N4: =+COUNTIFS('Maestro infraestructura'!$A$2:$A$1051, I4,'Maestro infraestructura'!$K$2:$K$1051, $N$3) -> 2
A5: EDIFICIO PRINCIPAL | B5: SEGURIDAD | C5: 2 | D5: =COUNTIFS('Maestro infraestructura'!$A$2:$A$1052, A5,'Maestro infraestructura'!$X$2:$X$1052,B5,'Maestro infraestructura'!$Y$2:$Y$1052,C5) -> 1 | E5: =COUNTIFS('Maestro infraestructura'!$A$2:$A$1051, A5,'Maestro infraestructura'!$X$2:$X$1051,B5,'Maestro infraestructura'!$Y$2:$Y$1051,C5,'Maestro infraestructura'!$V$2:$V$1051, "AL DÍA") -> 1 | F5: =IF(D5=0,100%,IF(D5>0,E5/D5,0)) -> 1 | G5: =IF(F5=1, "✅ ÓPTIMO", IF(F5>=0.8, "⚠️ PRECAUCIÓN", "❌ CRÍTICO")) -> ✅ ÓPTIMO | I5: CICLO INICIAL | J5: =COUNTIFS('Maestro infraestructura'!$A$2:$A$1052, I5) -> 153 | K5: =+COUNTIFS('Maestro infraestructura'!$A$2:$A$1051, I5,'Maestro infraestructura'!$K$2:$K$1051, $K$3) -> 153 | L5: =+COUNTIFS('Maestro infraestructura'!$A$2:$A$1051, I5,'Maestro infraestructura'!$K$2:$K$1051, $L$3) -> 0 | M5: =+COUNTIFS('Maestro infraestructura'!$A$2:$A$1051, I5,'Maestro infraestructura'!$K$2:$K$1051, $M$3) -> 0 | N5: =+COUNTIFS('Maestro infraestructura'!$A$2:$A$1051, I5,'Maestro infraestructura'!$K$2:$K$1051, $N$3) -> 0
A6: EDIFICIO PRINCIPAL | B6: SEGURIDAD | C6: 3 | D6: =COUNTIFS('Maestro infraestructura'!$A$2:$A$1052, A6,'Maestro infraestructura'!$X$2:$X$1052,B6,'Maestro infraestructura'!$Y$2:$Y$1052,C6) -> 0 | E6: =COUNTIFS('Maestro infraestructura'!$A$2:$A$1051, A6,'Maestro infraestructura'!$X$2:$X$1051,B6,'Maestro infraestructura'!$Y$2:$Y$1051,C6,'Maestro infraestructura'!$V$2:$V$1051, "AL DÍA") -> 0 | F6: =IF(D6=0,100%,IF(D6>0,E6/D6,0)) -> 1 | G6: =IF(F6=1, "✅ ÓPTIMO", IF(F6>=0.8, "⚠️ PRECAUCIÓN", "❌ CRÍTICO")) -> ✅ ÓPTIMO | I6: NEUBAU | J6: =COUNTIFS('Maestro infraestructura'!$A$2:$A$1052, I6) -> 175 | K6: =+COUNTIFS('Maestro infraestructura'!$A$2:$A$1051, I6,'Maestro infraestructura'!$K$2:$K$1051, $K$3) -> 175 | L6: =+COUNTIFS('Maestro infraestructura'!$A$2:$A$1051, I6,'Maestro infraestructura'!$K$2:$K$1051, $L$3) -> 0 | M6: =+COUNTIFS('Maestro infraestructura'!$A$2:$A$1051, I6,'Maestro infraestructura'!$K$2:$K$1051, $M$3) -> 0 | N6: =+COUNTIFS('Maestro infraestructura'!$A$2:$A$1051, I6,'Maestro infraestructura'!$K$2:$K$1051, $N$3) -> 0
A7: EDIFICIO PRINCIPAL | B7: LEGAL | C7: 1 | D7: =COUNTIFS('Maestro infraestructura'!$A$2:$A$1052, A7,'Maestro infraestructura'!$X$2:$X$1052,B7,'Maestro infraestructura'!$Y$2:$Y$1052,C7) -> 4 | E7: =COUNTIFS('Maestro infraestructura'!$A$2:$A$1051, A7,'Maestro infraestructura'!$X$2:$X$1051,B7,'Maestro infraestructura'!$Y$2:$Y$1051,C7,'Maestro infraestructura'!$V$2:$V$1051, "AL DÍA") -> 0 | F7: =IF(D7=0,100%,IF(D7>0,E7/D7,0)) -> 0 | G7: =IF(F7=1, "✅ ÓPTIMO", IF(F7>=0.8, "⚠️ PRECAUCIÓN", "❌ CRÍTICO")) -> ❌ CRÍTICO | I7: SPIELGRUPPE | J7: =COUNTIFS('Maestro infraestructura'!$A$2:$A$1052, I7) -> 47 | K7: =+COUNTIFS('Maestro infraestructura'!$A$2:$A$1051, I7,'Maestro infraestructura'!$K$2:$K$1051, $K$3) -> 45 | L7: =+COUNTIFS('Maestro infraestructura'!$A$2:$A$1051, I7,'Maestro infraestructura'!$K$2:$K$1051, $L$3) -> 0 | M7: =+COUNTIFS('Maestro infraestructura'!$A$2:$A$1051, I7,'Maestro infraestructura'!$K$2:$K$1051, $M$3) -> 1 | N7: =+COUNTIFS('Maestro infraestructura'!$A$2:$A$1051, I7,'Maestro infraestructura'!$K$2:$K$1051, $N$3) -> 0
A8: EDIFICIO PRINCIPAL | B8: LEGAL | C8: 2 | D8: =COUNTIFS('Maestro infraestructura'!$A$2:$A$1052, A8,'Maestro infraestructura'!$X$2:$X$1052,B8,'Maestro infraestructura'!$Y$2:$Y$1052,C8) -> 13 | E8: =COUNTIFS('Maestro infraestructura'!$A$2:$A$1051, A8,'Maestro infraestructura'!$X$2:$X$1051,B8,'Maestro infraestructura'!$Y$2:$Y$1051,C8,'Maestro infraestructura'!$V$2:$V$1051, "AL DÍA") -> 4 | F8: =IF(D8=0,100%,IF(D8>0,E8/D8,0)) -> 0.30769231 | G8: =IF(F8=1, "✅ ÓPTIMO", IF(F8>=0.8, "⚠️ PRECAUCIÓN", "❌ CRÍTICO")) -> ❌ CRÍTICO | I8: CASINO | J8: =COUNTIFS('Maestro infraestructura'!$A$2:$A$1052, I8) -> 14 | K8: =+COUNTIFS('Maestro infraestructura'!$A$2:$A$1051, I8,'Maestro infraestructura'!$K$2:$K$1051, $K$3) -> 13 | L8: =+COUNTIFS('Maestro infraestructura'!$A$2:$A$1051, I8,'Maestro infraestructura'!$K$2:$K$1051, $L$3) -> 0 | M8: =+COUNTIFS('Maestro infraestructura'!$A$2:$A$1051, I8,'Maestro infraestructura'!$K$2:$K$1051, $M$3) -> 1 | N8: =+COUNTIFS('Maestro infraestructura'!$A$2:$A$1051, I8,'Maestro infraestructura'!$K$2:$K$1051, $N$3) -> 0
A9: EDIFICIO PRINCIPAL | B9: LEGAL | C9: 3 | D9: =COUNTIFS('Maestro infraestructura'!$A$2:$A$1052, A9,'Maestro infraestructura'!$X$2:$X$1052,B9,'Maestro infraestructura'!$Y$2:$Y$1052,C9) -> 0 | E9: =COUNTIFS('Maestro infraestructura'!$A$2:$A$1051, A9,'Maestro infraestructura'!$X$2:$X$1051,B9,'Maestro infraestructura'!$Y$2:$Y$1051,C9,'Maestro infraestructura'!$V$2:$V$1051, "AL DÍA") -> 0 | F9: =IF(D9=0,100%,IF(D9>0,E9/D9,0)) -> 1 | G9: =IF(F9=1, "✅ ÓPTIMO", IF(F9>=0.8, "⚠️ PRECAUCIÓN", "❌ CRÍTICO")) -> ✅ ÓPTIMO | I9: PISCINA | J9: =COUNTIFS('Maestro infraestructura'!$A$2:$A$1052, I9) -> 23 | K9: =+COUNTIFS('Maestro infraestructura'!$A$2:$A$1051, I9,'Maestro infraestructura'!$K$2:$K$1051, $K$3) -> 21 | L9: =+COUNTIFS('Maestro infraestructura'!$A$2:$A$1051, I9,'Maestro infraestructura'!$K$2:$K$1051, $L$3) -> 1 | M9: =+COUNTIFS('Maestro infraestructura'!$A$2:$A$1051, I9,'Maestro infraestructura'!$K$2:$K$1051, $M$3) -> 0 | N9: =+COUNTIFS('Maestro infraestructura'!$A$2:$A$1051, I9,'Maestro infraestructura'!$K$2:$K$1051, $N$3) -> 1
A10: EDIFICIO PRINCIPAL | B10: OPERACIÓN | C10: 1 | D10: =COUNTIFS('Maestro infraestructura'!$A$2:$A$1052, A10,'Maestro infraestructura'!$X$2:$X$1052,B10,'Maestro infraestructura'!$Y$2:$Y$1052,C10) -> 1 | E10: =COUNTIFS('Maestro infraestructura'!$A$2:$A$1051, A10,'Maestro infraestructura'!$X$2:$X$1051,B10,'Maestro infraestructura'!$Y$2:$Y$1051,C10,'Maestro infraestructura'!$V$2:$V$1051, "AL DÍA") -> 1 | F10: =IF(D10=0,100%,IF(D10>0,E10/D10,0)) -> 1 | G10: =IF(F10=1, "✅ ÓPTIMO", IF(F10>=0.8, "⚠️ PRECAUCIÓN", "❌ CRÍTICO")) -> ✅ ÓPTIMO | I10: ESTADIO | J10: =COUNTIFS('Maestro infraestructura'!$A$2:$A$1052, I10) -> 12 | K10: =+COUNTIFS('Maestro infraestructura'!$A$2:$A$1051, I10,'Maestro infraestructura'!$K$2:$K$1051, $K$3) -> 12 | L10: =+COUNTIFS('Maestro infraestructura'!$A$2:$A$1051, I10,'Maestro infraestructura'!$K$2:$K$1051, $L$3) -> 0 | M10: =+COUNTIFS('Maestro infraestructura'!$A$2:$A$1051, I10,'Maestro infraestructura'!$K$2:$K$1051, $M$3) -> 0 | N10: =+COUNTIFS('Maestro infraestructura'!$A$2:$A$1051, I10,'Maestro infraestructura'!$K$2:$K$1051, $N$3) -> 0
A11: EDIFICIO PRINCIPAL | B11: OPERACIÓN | C11: 2 | D11: =COUNTIFS('Maestro infraestructura'!$A$2:$A$1052, A11,'Maestro infraestructura'!$X$2:$X$1052,B11,'Maestro infraestructura'!$Y$2:$Y$1052,C11) -> 345 | E11: =COUNTIFS('Maestro infraestructura'!$A$2:$A$1051, A11,'Maestro infraestructura'!$X$2:$X$1051,B11,'Maestro infraestructura'!$Y$2:$Y$1051,C11,'Maestro infraestructura'!$V$2:$V$1051, "AL DÍA") -> 345 | F11: =IF(D11=0,100%,IF(D11>0,E11/D11,0)) -> 1 | G11: =IF(F11=1, "✅ ÓPTIMO", IF(F11>=0.8, "⚠️ PRECAUCIÓN", "❌ CRÍTICO")) -> ✅ ÓPTIMO | I11: E. SUBTE | J11: =COUNTIFS('Maestro infraestructura'!$A$2:$A$1052, I11) -> 2 | K11: =+COUNTIFS('Maestro infraestructura'!$A$2:$A$1051, I11,'Maestro infraestructura'!$K$2:$K$1051, $K$3) -> 2 | L11: =+COUNTIFS('Maestro infraestructura'!$A$2:$A$1051, I11,'Maestro infraestructura'!$K$2:$K$1051, $L$3) -> 0 | M11: =+COUNTIFS('Maestro infraestructura'!$A$2:$A$1051, I11,'Maestro infraestructura'!$K$2:$K$1051, $M$3) -> 0 | N11: =+COUNTIFS('Maestro infraestructura'!$A$2:$A$1051, I11,'Maestro infraestructura'!$K$2:$K$1051, $N$3) -> 0
A12: EDIFICIO PRINCIPAL | B12: OPERACIÓN | C12: 3 | D12: =COUNTIFS('Maestro infraestructura'!$A$2:$A$1052, A12,'Maestro infraestructura'!$X$2:$X$1052,B12,'Maestro infraestructura'!$Y$2:$Y$1052,C12) -> 0 | E12: =COUNTIFS('Maestro infraestructura'!$A$2:$A$1051, A12,'Maestro infraestructura'!$X$2:$X$1051,B12,'Maestro infraestructura'!$Y$2:$Y$1051,C12,'Maestro infraestructura'!$V$2:$V$1051, "AL DÍA") -> 0 | F12: =IF(D12=0,100%,IF(D12>0,E12/D12,0)) -> 1 | G12: =IF(F12=1, "✅ ÓPTIMO", IF(F12>=0.8, "⚠️ PRECAUCIÓN", "❌ CRÍTICO")) -> ✅ ÓPTIMO | I12: E. LIMACHE | J12: =COUNTIFS('Maestro infraestructura'!$A$2:$A$1052, I12) -> 3 | K12: =+COUNTIFS('Maestro infraestructura'!$A$2:$A$1051, I12,'Maestro infraestructura'!$K$2:$K$1051, $K$3) -> 3 | L12: =+COUNTIFS('Maestro infraestructura'!$A$2:$A$1051, I12,'Maestro infraestructura'!$K$2:$K$1051, $L$3) -> 0 | M12: =+COUNTIFS('Maestro infraestructura'!$A$2:$A$1051, I12,'Maestro infraestructura'!$K$2:$K$1051, $M$3) -> 0 | N12: =+COUNTIFS('Maestro infraestructura'!$A$2:$A$1051, I12,'Maestro infraestructura'!$K$2:$K$1051, $N$3) -> 0
A13: EDIFICIO PRINCIPAL | B13: GENERAL | C13: 1 | D13: =COUNTIFS('Maestro infraestructura'!$A$2:$A$1052, A13,'Maestro infraestructura'!$X$2:$X$1052,B13,'Maestro infraestructura'!$Y$2:$Y$1052,C13) -> 42 | E13: =COUNTIFS('Maestro infraestructura'!$A$2:$A$1051, A13,'Maestro infraestructura'!$X$2:$X$1051,B13,'Maestro infraestructura'!$Y$2:$Y$1051,C13,'Maestro infraestructura'!$V$2:$V$1051, "AL DÍA") -> 42 | F13: =IF(D13=0,100%,IF(D13>0,E13/D13,0)) -> 1 | G13: =IF(F13=1, "✅ ÓPTIMO", IF(F13>=0.8, "⚠️ PRECAUCIÓN", "❌ CRÍTICO")) -> ✅ ÓPTIMO | I13: FERIENHEIM | J13: =COUNTIFS('Maestro infraestructura'!$A$2:$A$1052, I13) -> 4 | K13: =+COUNTIFS('Maestro infraestructura'!$A$2:$A$1051, I13,'Maestro infraestructura'!$K$2:$K$1051, $K$3) -> 4 | L13: =+COUNTIFS('Maestro infraestructura'!$A$2:$A$1051, I13,'Maestro infraestructura'!$K$2:$K$1051, $L$3) -> 0 | M13: =+COUNTIFS('Maestro infraestructura'!$A$2:$A$1051, I13,'Maestro infraestructura'!$K$2:$K$1051, $M$3) -> 0 | N13: =+COUNTIFS('Maestro infraestructura'!$A$2:$A$1051, I13,'Maestro infraestructura'!$K$2:$K$1051, $N$3) -> 0
A14: EDIFICIO PRINCIPAL | B14: GENERAL | C14: 2 | D14: =COUNTIFS('Maestro infraestructura'!$A$2:$A$1052, A14,'Maestro infraestructura'!$X$2:$X$1052,B14,'Maestro infraestructura'!$Y$2:$Y$1052,C14) -> 158 | E14: =COUNTIFS('Maestro infraestructura'!$A$2:$A$1051, A14,'Maestro infraestructura'!$X$2:$X$1051,B14,'Maestro infraestructura'!$Y$2:$Y$1051,C14,'Maestro infraestructura'!$V$2:$V$1051, "AL DÍA") -> 157 | F14: =IF(D14=0,100%,IF(D14>0,E14/D14,0)) -> 0.99367089 | G14: =IF(F14=1, "✅ ÓPTIMO", IF(F14>=0.8, "⚠️ PRECAUCIÓN", "❌ CRÍTICO")) -> ⚠️ PRECAUCIÓN
A15: EDIFICIO PRINCIPAL | B15: GENERAL | C15: 3 | D15: =COUNTIFS('Maestro infraestructura'!$A$2:$A$1052, A15,'Maestro infraestructura'!$X$2:$X$1052,B15,'Maestro infraestructura'!$Y$2:$Y$1052,C15) -> 0 | E15: =COUNTIFS('Maestro infraestructura'!$A$2:$A$1051, A15,'Maestro infraestructura'!$X$2:$X$1051,B15,'Maestro infraestructura'!$Y$2:$Y$1051,C15,'Maestro infraestructura'!$V$2:$V$1051, "AL DÍA") -> 0 | F15: =IF(D15=0,100%,IF(D15>0,E15/D15,0)) -> 1 | G15: =IF(F15=1, "✅ ÓPTIMO", IF(F15>=0.8, "⚠️ PRECAUCIÓN", "❌ CRÍTICO")) -> ✅ ÓPTIMO
A16: CICLO INICIAL | B16: SEGURIDAD | C16: 1 | D16: =COUNTIFS('Maestro infraestructura'!$A$2:$A$1052, A16,'Maestro infraestructura'!$X$2:$X$1052,B16,'Maestro infraestructura'!$Y$2:$Y$1052,C16) -> 4 | E16: =COUNTIFS('Maestro infraestructura'!$A$2:$A$1051, A16,'Maestro infraestructura'!$X$2:$X$1051,B16,'Maestro infraestructura'!$Y$2:$Y$1051,C16,'Maestro infraestructura'!$V$2:$V$1051, "AL DÍA") -> 4 | F16: =IF(D16=0,100%,IF(D16>0,E16/D16,0)) -> 1 | G16: =IF(F16=1, "✅ ÓPTIMO", IF(F16>=0.8, "⚠️ PRECAUCIÓN", "❌ CRÍTICO")) -> ✅ ÓPTIMO
A17: CICLO INICIAL | B17: SEGURIDAD | C17: 2 | D17: =COUNTIFS('Maestro infraestructura'!$A$2:$A$1052, A17,'Maestro infraestructura'!$X$2:$X$1052,B17,'Maestro infraestructura'!$Y$2:$Y$1052,C17) -> 13 | E17: =COUNTIFS('Maestro infraestructura'!$A$2:$A$1051, A17,'Maestro infraestructura'!$X$2:$X$1051,B17,'Maestro infraestructura'!$Y$2:$Y$1051,C17,'Maestro infraestructura'!$V$2:$V$1051, "AL DÍA") -> 13 | F17: =IF(D17=0,100%,IF(D17>0,E17/D17,0)) -> 1 | G17: =IF(F17=1, "✅ ÓPTIMO", IF(F17>=0.8, "⚠️ PRECAUCIÓN", "❌ CRÍTICO")) -> ✅ ÓPTIMO
A18: CICLO INICIAL | B18: SEGURIDAD | C18: 3 | D18: =COUNTIFS('Maestro infraestructura'!$A$2:$A$1052, A18,'Maestro infraestructura'!$X$2:$X$1052,B18,'Maestro infraestructura'!$Y$2:$Y$1052,C18) -> 0 | E18: =COUNTIFS('Maestro infraestructura'!$A$2:$A$1051, A18,'Maestro infraestructura'!$X$2:$X$1051,B18,'Maestro infraestructura'!$Y$2:$Y$1051,C18,'Maestro infraestructura'!$V$2:$V$1051, "AL DÍA") -> 0 | F18: =IF(D18=0,100%,IF(D18>0,E18/D18,0)) -> 1 | G18: =IF(F18=1, "✅ ÓPTIMO", IF(F18>=0.8, "⚠️ PRECAUCIÓN", "❌ CRÍTICO")) -> ✅ ÓPTIMO
A19: CICLO INICIAL | B19: LEGAL | C19: 1 | D19: =COUNTIFS('Maestro infraestructura'!$A$2:$A$1052, A19,'Maestro infraestructura'!$X$2:$X$1052,B19,'Maestro infraestructura'!$Y$2:$Y$1052,C19) -> 2 | E19: =COUNTIFS('Maestro infraestructura'!$A$2:$A$1051, A19,'Maestro infraestructura'!$X$2:$X$1051,B19,'Maestro infraestructura'!$Y$2:$Y$1051,C19,'Maestro infraestructura'!$V$2:$V$1051, "AL DÍA") -> 0 | F19: =IF(D19=0,100%,IF(D19>0,E19/D19,0)) -> 0 | G19: =IF(F19=1, "✅ ÓPTIMO", IF(F19>=0.8, "⚠️ PRECAUCIÓN", "❌ CRÍTICO")) -> ❌ CRÍTICO
A20: CICLO INICIAL | B20: LEGAL | C20: 2 | D20: =COUNTIFS('Maestro infraestructura'!$A$2:$A$1052, A20,'Maestro infraestructura'!$X$2:$X$1052,B20,'Maestro infraestructura'!$Y$2:$Y$1052,C20) -> 2 | E20: =COUNTIFS('Maestro infraestructura'!$A$2:$A$1051, A20,'Maestro infraestructura'!$X$2:$X$1051,B20,'Maestro infraestructura'!$Y$2:$Y$1051,C20,'Maestro infraestructura'!$V$2:$V$1051, "AL DÍA") -> 0 | F20: =IF(D20=0,100%,IF(D20>0,E20/D20,0)) -> 0 | G20: =IF(F20=1, "✅ ÓPTIMO", IF(F20>=0.8, "⚠️ PRECAUCIÓN", "❌ CRÍTICO")) -> ❌ CRÍTICO
A21: CICLO INICIAL | B21: LEGAL | C21: 3 | D21: =COUNTIFS('Maestro infraestructura'!$A$2:$A$1052, A21,'Maestro infraestructura'!$X$2:$X$1052,B21,'Maestro infraestructura'!$Y$2:$Y$1052,C21) -> 0 | E21: =COUNTIFS('Maestro infraestructura'!$A$2:$A$1051, A21,'Maestro infraestructura'!$X$2:$X$1051,B21,'Maestro infraestructura'!$Y$2:$Y$1051,C21,'Maestro infraestructura'!$V$2:$V$1051, "AL DÍA") -> 0 | F21: =IF(D21=0,100%,IF(D21>0,E21/D21,0)) -> 1 | G21: =IF(F21=1, "✅ ÓPTIMO", IF(F21>=0.8, "⚠️ PRECAUCIÓN", "❌ CRÍTICO")) -> ✅ ÓPTIMO
A22: CICLO INICIAL | B22: OPERACIÓN | C22: 1 | D22: =COUNTIFS('Maestro infraestructura'!$A$2:$A$1052, A22,'Maestro infraestructura'!$X$2:$X$1052,B22,'Maestro infraestructura'!$Y$2:$Y$1052,C22) -> 1 | E22: =COUNTIFS('Maestro infraestructura'!$A$2:$A$1051, A22,'Maestro infraestructura'!$X$2:$X$1051,B22,'Maestro infraestructura'!$Y$2:$Y$1051,C22,'Maestro infraestructura'!$V$2:$V$1051, "AL DÍA") -> 1 | F22: =IF(D22=0,100%,IF(D22>0,E22/D22,0)) -> 1 | G22: =IF(F22=1, "✅ ÓPTIMO", IF(F22>=0.8, "⚠️ PRECAUCIÓN", "❌ CRÍTICO")) -> ✅ ÓPTIMO
A23: CICLO INICIAL | B23: OPERACIÓN | C23: 2 | D23: =COUNTIFS('Maestro infraestructura'!$A$2:$A$1052, A23,'Maestro infraestructura'!$X$2:$X$1052,B23,'Maestro infraestructura'!$Y$2:$Y$1052,C23) -> 76 | E23: =COUNTIFS('Maestro infraestructura'!$A$2:$A$1051, A23,'Maestro infraestructura'!$X$2:$X$1051,B23,'Maestro infraestructura'!$Y$2:$Y$1051,C23,'Maestro infraestructura'!$V$2:$V$1051, "AL DÍA") -> 76 | F23: =IF(D23=0,100%,IF(D23>0,E23/D23,0)) -> 1 | G23: =IF(F23=1, "✅ ÓPTIMO", IF(F23>=0.8, "⚠️ PRECAUCIÓN", "❌ CRÍTICO")) -> ✅ ÓPTIMO
A24: CICLO INICIAL | B24: OPERACIÓN | C24: 3 | D24: =COUNTIFS('Maestro infraestructura'!$A$2:$A$1052, A24,'Maestro infraestructura'!$X$2:$X$1052,B24,'Maestro infraestructura'!$Y$2:$Y$1052,C24) -> 0 | E24: =COUNTIFS('Maestro infraestructura'!$A$2:$A$1051, A24,'Maestro infraestructura'!$X$2:$X$1051,B24,'Maestro infraestructura'!$Y$2:$Y$1051,C24,'Maestro infraestructura'!$V$2:$V$1051, "AL DÍA") -> 0 | F24: =IF(D24=0,100%,IF(D24>0,E24/D24,0)) -> 1 | G24: =IF(F24=1, "✅ ÓPTIMO", IF(F24>=0.8, "⚠️ PRECAUCIÓN", "❌ CRÍTICO")) -> ✅ ÓPTIMO
A25: CICLO INICIAL | B25: GENERAL | C25: 1 | D25: =COUNTIFS('Maestro infraestructura'!$A$2:$A$1052, A25,'Maestro infraestructura'!$X$2:$X$1052,B25,'Maestro infraestructura'!$Y$2:$Y$1052,C25) -> 14 | E25: =COUNTIFS('Maestro infraestructura'!$A$2:$A$1051, A25,'Maestro infraestructura'!$X$2:$X$1051,B25,'Maestro infraestructura'!$Y$2:$Y$1051,C25,'Maestro infraestructura'!$V$2:$V$1051, "AL DÍA") -> 14 | F25: =IF(D25=0,100%,IF(D25>0,E25/D25,0)) -> 1 | G25: =IF(F25=1, "✅ ÓPTIMO", IF(F25>=0.8, "⚠️ PRECAUCIÓN", "❌ CRÍTICO")) -> ✅ ÓPTIMO
... A49: SPIELGRUPPE | B49: GENERAL | C49: 1 | D49: =COUNTIFS('Maestro infraestructura'!$A$2:$A$1052, A49,'Maestro infraestructura'!$X$2:$X$1052,B49,'Maestro infraestructura'!$Y$2:$Y$1052,C49) -> 6 | E49: =COUNTIFS('Maestro infraestructura'!$A$2:$A$1051, A49,'Maestro infraestructura'!$X$2:$X$1051,B49,'Maestro infraestructura'!$Y$2:$Y$1051,C49,'Maestro infraestructura'!$V$2:$V$1051, "AL DÍA") -> 6 | F49: =IF(D49=0,100%,IF(D49>0,E49/D49,0)) -> 1 | G49: =IF(F49=1, "✅ ÓPTIMO", IF(F49>=0.8, "⚠️ PRECAUCIÓN", "❌ CRÍTICO")) -> ✅ ÓPTIMO
A50: SPIELGRUPPE | B50: GENERAL | C50: 2 | D50: =COUNTIFS('Maestro infraestructura'!$A$2:$A$1052, A50,'Maestro infraestructura'!$X$2:$X$1052,B50,'Maestro infraestructura'!$Y$2:$Y$1052,C50) -> 11 | E50: =COUNTIFS('Maestro infraestructura'!$A$2:$A$1051, A50,'Maestro infraestructura'!$X$2:$X$1051,B50,'Maestro infraestructura'!$Y$2:$Y$1051,C50,'Maestro infraestructura'!$V$2:$V$1051, "AL DÍA") -> 10 | F50: =IF(D50=0,100%,IF(D50>0,E50/D50,0)) -> 0.90909091 | G50: =IF(F50=1, "✅ ÓPTIMO", IF(F50>=0.8, "⚠️ PRECAUCIÓN", "❌ CRÍTICO")) -> ⚠️ PRECAUCIÓN | H50: xx
A51: SPIELGRUPPE | B51: GENERAL | C51: 3 | D51: =COUNTIFS('Maestro infraestructura'!$A$2:$A$1052, A51,'Maestro infraestructura'!$X$2:$X$1052,B51,'Maestro infraestructura'!$Y$2:$Y$1052,C51) -> 1 | E51: =COUNTIFS('Maestro infraestructura'!$A$2:$A$1051, A51,'Maestro infraestructura'!$X$2:$X$1051,B51,'Maestro infraestructura'!$Y$2:$Y$1051,C51,'Maestro infraestructura'!$V$2:$V$1051, "AL DÍA") -> 1 | F51: =IF(D51=0,100%,IF(D51>0,E51/D51,0)) -> 1 | G51: =IF(F51=1, "✅ ÓPTIMO", IF(F51>=0.8, "⚠️ PRECAUCIÓN", "❌ CRÍTICO")) -> ✅ ÓPTIMO
A52: CASINO | B52: SEGURIDAD | C52: 1 | D52: =COUNTIFS('Maestro infraestructura'!$A$2:$A$1052, A52,'Maestro infraestructura'!$X$2:$X$1052,B52,'Maestro infraestructura'!$Y$2:$Y$1052,C52) -> 2 | E52: =COUNTIFS('Maestro infraestructura'!$A$2:$A$1051, A52,'Maestro infraestructura'!$X$2:$X$1051,B52,'Maestro infraestructura'!$Y$2:$Y$1051,C52,'Maestro infraestructura'!$V$2:$V$1051, "AL DÍA") -> 2 | F52: =IF(D52=0,100%,IF(D52>0,E52/D52,0)) -> 1 | G52: =IF(F52=1, "✅ ÓPTIMO", IF(F52>=0.8, "⚠️ PRECAUCIÓN", "❌ CRÍTICO")) -> ✅ ÓPTIMO
A53: CASINO | B53: SEGURIDAD | C53: 2 | D53: =COUNTIFS('Maestro infraestructura'!$A$2:$A$1052, A53,'Maestro infraestructura'!$X$2:$X$1052,B53,'Maestro infraestructura'!$Y$2:$Y$1052,C53) -> 0 | E53: =COUNTIFS('Maestro infraestructura'!$A$2:$A$1051, A53,'Maestro infraestructura'!$X$2:$X$1051,B53,'Maestro infraestructura'!$Y$2:$Y$1051,C53,'Maestro infraestructura'!$V$2:$V$1051, "AL DÍA") -> 0 | F53: =IF(D53=0,100%,IF(D53>0,E53/D53,0)) -> 1 | G53: =IF(F53=1, "✅ ÓPTIMO", IF(F53>=0.8, "⚠️ PRECAUCIÓN", "❌ CRÍTICO")) -> ✅ ÓPTIMO
A54: CASINO | B54: SEGURIDAD | C54: 3 | D54: =COUNTIFS('Maestro infraestructura'!$A$2:$A$1052, A54,'Maestro infraestructura'!$X$2:$X$1052,B54,'Maestro infraestructura'!$Y$2:$Y$1052,C54) -> 0 | E54: =COUNTIFS('Maestro infraestructura'!$A$2:$A$1051, A54,'Maestro infraestructura'!$X$2:$X$1051,B54,'Maestro infraestructura'!$Y$2:$Y$1051,C54,'Maestro infraestructura'!$V$2:$V$1051, "AL DÍA") -> 0 | F54: =IF(D54=0,100%,IF(D54>0,E54/D54,0)) -> 1 | G54: =IF(F54=1, "✅ ÓPTIMO", IF(F54>=0.8, "⚠️ PRECAUCIÓN", "❌ CRÍTICO")) -> ✅ ÓPTIMO
A55: CASINO | B55: LEGAL | C55: 1 | D55: =COUNTIFS('Maestro infraestructura'!$A$2:$A$1052, A55,'Maestro infraestructura'!$X$2:$X$1052,B55,'Maestro infraestructura'!$Y$2:$Y$1052,C55) -> 2 | E55: =COUNTIFS('Maestro infraestructura'!$A$2:$A$1051, A55,'Maestro infraestructura'!$X$2:$X$1051,B55,'Maestro infraestructura'!$Y$2:$Y$1051,C55,'Maestro infraestructura'!$V$2:$V$1051, "AL DÍA") -> 0 | F55: =IF(D55=0,100%,IF(D55>0,E55/D55,0)) -> 0 | G55: =IF(F55=1, "✅ ÓPTIMO", IF(F55>=0.8, "⚠️ PRECAUCIÓN", "❌ CRÍTICO")) -> ❌ CRÍTICO
A56: CASINO | B56: LEGAL | C56: 2 | D56: =COUNTIFS('Maestro infraestructura'!$A$2:$A$1052, A56,'Maestro infraestructura'!$X$2:$X$1052,B56,'Maestro infraestructura'!$Y$2:$Y$1052,C56) -> 0 | E56: =COUNTIFS('Maestro infraestructura'!$A$2:$A$1051, A56,'Maestro infraestructura'!$X$2:$X$1051,B56,'Maestro infraestructura'!$Y$2:$Y$1051,C56,'Maestro infraestructura'!$V$2:$V$1051, "AL DÍA") -> 0 | F56: =IF(D56=0,100%,IF(D56>0,E56/D56,0)) -> 1 | G56: =IF(F56=1, "✅ ÓPTIMO", IF(F56>=0.8, "⚠️ PRECAUCIÓN", "❌ CRÍTICO")) -> ✅ ÓPTIMO
A57: CASINO | B57: LEGAL | C57: 3 | D57: =COUNTIFS('Maestro infraestructura'!$A$2:$A$1052, A57,'Maestro infraestructura'!$X$2:$X$1052,B57,'Maestro infraestructura'!$Y$2:$Y$1052,C57) -> 0 | E57: =COUNTIFS('Maestro infraestructura'!$A$2:$A$1051, A57,'Maestro infraestructura'!$X$2:$X$1051,B57,'Maestro infraestructura'!$Y$2:$Y$1051,C57,'Maestro infraestructura'!$V$2:$V$1051, "AL DÍA") -> 0 | F57: =IF(D57=0,100%,IF(D57>0,E57/D57,0)) -> 1 | G57: =IF(F57=1, "✅ ÓPTIMO", IF(F57>=0.8, "⚠️ PRECAUCIÓN", "❌ CRÍTICO")) -> ✅ ÓPTIMO
A58: CASINO | B58: OPERACIÓN | C58: 1 | D58: =COUNTIFS('Maestro infraestructura'!$A$2:$A$1052, A58,'Maestro infraestructura'!$X$2:$X$1052,B58,'Maestro infraestructura'!$Y$2:$Y$1052,C58) -> 0 | E58: =COUNTIFS('Maestro infraestructura'!$A$2:$A$1051, A58,'Maestro infraestructura'!$X$2:$X$1051,B58,'Maestro infraestructura'!$Y$2:$Y$1051,C58,'Maestro infraestructura'!$V$2:$V$1051, "AL DÍA") -> 0 | F58: =IF(D58=0,100%,IF(D58>0,E58/D58,0)) -> 1 | G58: =IF(F58=1, "✅ ÓPTIMO", IF(F58>=0.8, "⚠️ PRECAUCIÓN", "❌ CRÍTICO")) -> ✅ ÓPTIMO
A59: CASINO | B59: OPERACIÓN | C59: 2 | D59: =COUNTIFS('Maestro infraestructura'!$A$2:$A$1052, A59,'Maestro infraestructura'!$X$2:$X$1052,B59,'Maestro infraestructura'!$Y$2:$Y$1052,C59) -> 7 | E59: =COUNTIFS('Maestro infraestructura'!$A$2:$A$1051, A59,'Maestro infraestructura'!$X$2:$X$1051,B59,'Maestro infraestructura'!$Y$2:$Y$1051,C59,'Maestro infraestructura'!$V$2:$V$1051, "AL DÍA") -> 7 | F59: =IF(D59=0,100%,IF(D59>0,E59/D59,0)) -> 1 | G59: =IF(F59=1, "✅ ÓPTIMO", IF(F59>=0.8, "⚠️ PRECAUCIÓN", "❌ CRÍTICO")) -> ✅ ÓPTIMO
A60: CASINO | B60: OPERACIÓN | C60: 3 | D60: =COUNTIFS('Maestro infraestructura'!$A$2:$A$1052, A60,'Maestro infraestructura'!$X$2:$X$1052,B60,'Maestro infraestructura'!$Y$2:$Y$1052,C60) -> 0 | E60: =COUNTIFS('Maestro infraestructura'!$A$2:$A$1051, A60,'Maestro infraestructura'!$X$2:$X$1051,B60,'Maestro infraestructura'!$Y$2:$Y$1051,C60,'Maestro infraestructura'!$V$2:$V$1051, "AL DÍA") -> 0 | F60: =IF(D60=0,100%,IF(D60>0,E60/D60,0)) -> 1 | G60: =IF(F60=1, "✅ ÓPTIMO", IF(F60>=0.8, "⚠️ PRECAUCIÓN", "❌ CRÍTICO")) -> ✅ ÓPTIMO
A61: CASINO | B61: GENERAL | C61: 1 | D61: =COUNTIFS('Maestro infraestructura'!$A$2:$A$1052, A61,'Maestro infraestructura'!$X$2:$X$1052,B61,'Maestro infraestructura'!$Y$2:$Y$1052,C61) -> 2 | E61: =COUNTIFS('Maestro infraestructura'!$A$2:$A$1051, A61,'Maestro infraestructura'!$X$2:$X$1051,B61,'Maestro infraestructura'!$Y$2:$Y$1051,C61,'Maestro infraestructura'!$V$2:$V$1051, "AL DÍA") -> 2 | F61: =IF(D61=0,100%,IF(D61>0,E61/D61,0)) -> 1 | G61: =IF(F61=1, "✅ ÓPTIMO", IF(F61>=0.8, "⚠️ PRECAUCIÓN", "❌ CRÍTICO")) -> ✅ ÓPTIMO
A62: CASINO | B62: GENERAL | C62: 2 | D62: =COUNTIFS('Maestro infraestructura'!$A$2:$A$1052, A62,'Maestro infraestructura'!$X$2:$X$1052,B62,'Maestro infraestructura'!$Y$2:$Y$1052,C62) -> 0 | E62: =COUNTIFS('Maestro infraestructura'!$A$2:$A$1051, A62,'Maestro infraestructura'!$X$2:$X$1051,B62,'Maestro infraestructura'!$Y$2:$Y$1051,C62,'Maestro infraestructura'!$V$2:$V$1051, "AL DÍA") -> 0 | F62: =IF(D62=0,100%,IF(D62>0,E62/D62,0)) -> 1 | G62: =IF(F62=1, "✅ ÓPTIMO", IF(F62>=0.8, "⚠️ PRECAUCIÓN", "❌ CRÍTICO")) -> ✅ ÓPTIMO
... A123: FERIENHEIM | B123: GENERAL | C123: 3 | D123: =COUNTIFS('Maestro infraestructura'!$A$2:$A$1052, A123,'Maestro infraestructura'!$X$2:$X$1052,B123,'Maestro infraestructura'!$Y$2:$Y$1052,C123) -> 0 | E123: =COUNTIFS('Maestro infraestructura'!$A$2:$A$1051, A123,'Maestro infraestructura'!$X$2:$X$1051,B123,'Maestro infraestructura'!$Y$2:$Y$1051,C123,'Maestro infraestructura'!$V$2:$V$1051, "AL DÍA") -> 0 | F123: =IF(D123=0,100%,IF(D123>0,E123/D123,0)) -> 1 | G123: =IF(F123=1, "✅ ÓPTIMO", IF(F123>=0.8, "⚠️ PRECAUCIÓN", "❌ CRÍTICO")) -> ✅ ÓPTIMO
D124: =SUM(D4:D123) -> 1051 | E124: =SUM(E4:E123) -> 1001 | F124: =+E124/D124 -> 0.95242626 | G124: =IF(F124=1, "✅ ÓPTIMO", IF(F124>=0.8, "⚠️ PRECAUCIÓN", "❌ CRÍTICO")) -> ⚠️ PRECAUCIÓN | J124: =SUM(J4:J123) -> 1051

Sheet Maestro infraestructura
A1: Edificio | B1: Área / Nivel | C1: Espacio | D1: Categoría | E1: Sub Categoría | F1: Tipo de Equipo | G1: Fecha Adquisición | H1: Años Vida útil | I1: Años de uso | J1: Estado | K1: Cambio/informe/ presupuesto | L1: Marca | M1: Modelo | N1: N° Serie | O1: Potencia / Capacidad | P1: Frecuencia de Mantención | Q1: Días | R1: Responsable | S1: Fecha de Último Mantenimiento | T1: Fecha de Próximo Mantenimiento | U1: Días Restantes | V1: Estado | W1: Observaciones / Estado Actual | X1: Clasificación | Y1: Prioridad | Z1: Observación 1
A2: CASINO | B2: 1° Piso | C2: Pasillo trasero | D2: Equipo | E2: Climatización | F2: Calefont | G2: 2026 | H2: 15 | I2: =YEAR(TODAY())-G2 -> 0 | J2: 3 | K2: =IF(J2=1,"Cambiar",IF(J2=2,"Presupuestar",IF(H2=0,"Activo",IF(G2+H2<YEAR(TODAY()),"Cambiar o Inspección externa",IF(G2+H2-1<YEAR(TODAY()),"Presupuestar","Activo"))))) -> Activo | L2: SPLENDID | M2: IONIZ | O2: 16 LT | P2: Anual | Q2: 365 | R2: Empresa externa clima - RyR | S2: 46146 | T2: =+S2+Q2 -> 46511 | U2: =T2-TODAY() -> 250 | V2: =IF(U2<0, "VENCIDO", "AL DÍA") -> AL DÍA | W2: Operativo | X2: OPERACIÓN | Y2: 2 | Z2: Renovación sello verde SEC febrero 2027
A3: CASINO | B3: 1° Piso | C3: Acceso a Casino | D3: Infraestructura | F3: Terraza metálica y madera | G3: 2023 | H3: 20 | I3: =YEAR(TODAY())-G3 -> 3 | J3: 3 | K3: =IF(J3=1,"Cambiar",IF(J3=2,"Presupuestar",IF(H3=0,"Activo",IF(G3+H3<YEAR(TODAY()),"Cambiar o Inspección externa",IF(G3+H3-1<YEAR(TODAY()),"Presupuestar","Activo"))))) -> Activo | L3: N/A | M3: N/A | N3: N/A | P3: Anual | Q3: 365 | R3: Operaciones DSV | S3: 46073 | T3: =+S3+Q3 -> 46438 | U3: =T3-TODAY() -> 177 | V3: =IF(U3<0, "VENCIDO", "AL DÍA") -> AL DÍA | W3: Operativo | X3: GENERAL | Y3: 1 | Z3: Área de esparcimiento que requiere mantenimiento preventivo.
A4: CASINO | B4: 1° Piso | C4: Acceso a Casino | D4: Equipo | E4: Tablero Eléctrico | F4: Tablero eléctrico principal | G4: 2018 | H4: 40 | I4: =YEAR(TODAY())-G4 -> 8 | J4: 3 | K4: =IF(J4=1,"Cambiar",IF(J4=2,"Presupuestar",IF(H4=0,"Activo",IF(G4+H4<YEAR(TODAY()),"Cambiar o Inspección externa",IF(G4+H4-1<YEAR(TODAY()),"Presupuestar","Activo"))))) -> Activo | L4: N/A | M4: N/A | N4: N/A | P4: Anual | Q4: 365 | R4: Empresa externa | S4: 46037 | T4: =+S4+Q4 -> 46402 | U4: =T4-TODAY() -> 141 | V4: =IF(U4<0, "VENCIDO", "AL DÍA") -> AL DÍA | W4: Operativo | X4: SEGURIDAD | Y4: 1 | Z4: Distribución primaria de energía; vital para la integridad de la red.
A5: CASINO | B5: 1° Piso | C5: Cafetería | D5: Equipo | E5: Tablero Eléctrico | F5: Tablero eléctrico secundario | G5: 2018 | H5: 40 | I5: =YEAR(TODAY())-G5 -> 8 | J5: 3 | K5: =IF(J5=1,"Cambiar",IF(J5=2,"Presupuestar",IF(H5=0,"Activo",IF(G5+H5<YEAR(TODAY()),"Cambiar o Inspección externa",IF(G5+H5-1<YEAR(TODAY()),"Presupuestar","Activo"))))) -> Activo | L5: N/A | M5: N/A | N5: N/A | P5: Anual | Q5: 365 | R5: Empresa externa | S5: 46037 | T5: =+S5+Q5 -> 46402 | U5: =T5-TODAY() -> 141 | V5: =IF(U5<0, "VENCIDO", "AL DÍA") -> AL DÍA | W5: Operativo | X5: OPERACIÓN | Y5: 2 | Z5: Distribución local de energía en sectores específicos.
A6: CASINO | B6: 1° Piso | C6: 1° Piso | D6: Infraestructura | F6: Pintura de paredes interior | G6: 2000 | H6: 0 | I6: =YEAR(TODAY())-G6 -> 26 | J6: 3 | K6: =IF(J6=1,"Cambiar",IF(J6=2,"Presupuestar",IF(H6=0,"Activo",IF(G6+H6<YEAR(TODAY()),"Cambiar o Inspección externa",IF(G6+H6-1<YEAR(TODAY()),"Presupuestar","Activo"))))) -> Activo | L6: N/A | M6: N/A | N6: N/A | P6: 2 años | Q6: =365*2 -> 730 | R6: Operaciones DSV | S6: 45840 | T6: =+S6+Q6 -> 46570 | U6: =T6-TODAY() -> 309 | V6: =IF(U6<0, "VENCIDO", "AL DÍA") -> AL DÍA | W6: Operativo | X6: GENERAL | Y6: 3
A7: CASINO | B7: 1° Piso | C7: 1° Piso | D7: Infraestructura | F7: Pintura fachadas | G7: 2000 | H7: 0 | I7: =YEAR(TODAY())-G7 -> 26 | J7: 3 | K7: =IF(J7=1,"Cambiar",IF(J7=2,"Presupuestar",IF(H7=0,"Activo",IF(G7+H7<YEAR(TODAY()),"Cambiar o Inspección externa",IF(G7+H7-1<YEAR(TODAY()),"Presupuestar","Activo"))))) -> Activo | L7: N/A | M7: N/A | N7: N/A | P7: 5 años | Q7: =5*365 -> 1825 | R7: Operaciones DSV | S7: 45301 | T7: =+S7+Q7 -> 47126 | U7: =T7-TODAY() -> 865 | V7: =IF(U7<0, "VENCIDO", "AL DÍA") -> AL DÍA | W7: Operativo | X7: GENERAL | Y7: 1 | Z7: Lavado de pared de siding pvc
A8: CASINO | B8: 1° Piso | C8: Edificio | D8: Infraestructura | F8: Techumbre Casino | G8: 2000 | H8: 25 | I8: =YEAR(TODAY())-G8 -> 26 | J8: 3 | K8: =IF(J8=1,"Cambiar",IF(J8=2,"Presupuestar",IF(H8=0,"Activo",IF(G8+H8<YEAR(TODAY()),"Cambiar o Inspección externa",IF(G8+H8-1<YEAR(TODAY()),"Presupuestar","Activo"))))) -> Cambiar o Inspección externa | L8: N/A | M8: N/A | N8: N/A | P8: 3-4 años | Q8: =365*3.5 -> 1277.5 | R8: Operaciones DSV | S8: 45672 | T8: =+S8+Q8 -> 46949.5 | U8: =T8-TODAY() -> 688.5 | V8: =IF(U8<0, "VENCIDO", "AL DÍA") -> AL DÍA | W8: Operativo | X8: SEGURIDAD | Y8: 1 | Z8: Cubierta estructural /inspección visual
A9: CASINO | B9: 1° Piso | C9: Cocina | D9: Equipo | F9: Horno Industrial doble cámara | G9: 2024 | H9: 10 | I9: =YEAR(TODAY())-G9 -> 2 | J9: 3 | K9: =IF(J9=1,"Cambiar",IF(J9=2,"Presupuestar",IF(H9=0,"Activo",IF(G9+H9<YEAR(TODAY()),"Cambiar o Inspección externa",IF(G9+H9-1<YEAR(TODAY()),"Presupuestar","Activo"))))) -> Activo | P9: 1 años | Q9: 365 | R9: Externo Mantención Integral | S9: 46157 | T9: =+S9+Q9 -> 46522 | U9: =T9-TODAY() -> 261 | V9: =IF(U9<0, "VENCIDO", "AL DÍA") -> AL DÍA | W9: Operativo | X9: OPERACIÓN | Y9: 2 | Z9: Mantencion en Mayo
A10: CASINO | B10: 1° Piso | C10: Cocina | D10: Equipo | F10: Cocina Industrial 1 | G10: 2026 | H10: 10 | I10: =YEAR(TODAY())-G10 -> 0 | J10: 3 | K10: =IF(J10=1,"Cambiar",IF(J10=2,"Presupuestar",IF(H10=0,"Activo",IF(G10+H10<YEAR(TODAY()),"Cambiar o Inspección externa",IF(G10+H10-1<YEAR(TODAY()),"Presupuestar","Activo"))))) -> Activo | P10: 1 años | Q10: 365 | R10: Externo Mantención Integral | S10: 46157 | T10: =+S10+Q10 -> 46522 | U10: =T10-TODAY() -> 261 | V10: =IF(U10<0, "VENCIDO", "AL DÍA") -> AL DÍA | W10: Operativo | X10: OPERACIÓN | Y10: 2 | Z10: Se renovó en junio
A11: CASINO | B11: 1° Piso | C11: Cocina | D11: Equipo | F11: Cocina Industrial 2 | G11: 2024 | H11: 10 | I11: =YEAR(TODAY())-G11 -> 2 | J11: 3 | K11: =IF(J11=1,"Cambiar",IF(J11=2,"Presupuestar",IF(H11=0,"Activo",IF(G11+H11<YEAR(TODAY()),"Cambiar o Inspección externa",IF(G11+H11-1<YEAR(TODAY()),"Presupuestar","Activo"))))) -> Activo | P11: 1 años | Q11: 365 | R11: Externo Mantención Integral | S11: 46157 | T11: =+S11+Q11 -> 46522 | U11: =T11-TODAY() -> 261 | V11: =IF(U11<0, "VENCIDO", "AL DÍA") -> AL DÍA | W11: Operativo | X11: OPERACIÓN | Y11: 2 | Z11: Equipamiento clave para el servicio de alimentación de alumnos.
A12: CASINO | B12: 1° Piso | C12: Cocina | D12: Equipo | F12: Campana de extracción | G12: 2000 | H12: 30 | I12: =YEAR(TODAY())-G12 -> 26 | J12: 3 | K12: =IF(J12=1,"Cambiar",IF(J12=2,"Presupuestar",IF(H12=0,"Activo",IF(G12+H12<YEAR(TODAY()),"Cambiar o Inspección externa",IF(G12+H12-1<YEAR(TODAY()),"Presupuestar","Activo"))))) -> Activo | P12: 1 años | Q12: 365 | R12: Externo Mantención Integral | S12: 46157 | T12: =+S12+Q12 -> 46522 | U12: =T12-TODAY() -> 261 | V12: =IF(U12<0, "VENCIDO", "AL DÍA") -> AL DÍA | W12: Operativo | X12: OPERACIÓN | Y12: 2 | Z12: Vital para la ventilación y seguridad en áreas de cocina.
A13: CASINO | B13: Piso zócalo | C13: Werken 1 | D13: Equipo | E13: Tablero Eléctrico | F13: Tablero eléctrico secundario | G13: 2000 | H13: 40 | I13: =YEAR(TODAY())-G13 -> 26 | J13: 3 | K13: =IF(J13=1,"Cambiar",IF(J13=2,"Presupuestar",IF(H13=0,"Activo",IF(G13+H13<YEAR(TODAY()),"Cambiar o Inspección externa",IF(G13+H13-1<YEAR(TODAY()),"Presupuestar","Activo"))))) -> Activo | L13: N/A | M13: N/A | N13: N/A | O13: 20 A | P13: Anual | Q13: 365 | R13: Empresa externa | S13: 46037 | T13: =+S13+Q13 -> 46402 | U13: =T13-TODAY() -> 141 | V13: =IF(U13<0, "VENCIDO", "AL DÍA") -> AL DÍA | W13: Operativo | X13: OPERACIÓN | Y13: 2 | Z13: Distribución local de energía en sectores específicos.
A14: CASINO | B14: Piso zócalo | C14: Zócalo | D14: Infraestructura | E14: Camarines | F14: Camarín Hombre | G14: 2000 | H14: 0 | I14: =YEAR(TODAY())-G14 -> 26 | J14: 3 | K14: =IF(J14=1,"Cambiar",IF(J14=2,"Presupuestar",IF(H14=0,"Activo",IF(G14+H14<YEAR(TODAY()),"Cambiar o Inspección externa",IF(G14+H14-1<YEAR(TODAY()),"Presupuestar","Activo"))))) -> Activo | L14: N/A | M14: N/A | N14: N/A | O14: 2 duchas | P14: Mensual | Q14: 30 | R14: Operaciones DSV | S14: 46228 | T14: =+S14+Q14 -> 46258 | U14: =T14-TODAY() -> -3 | V14: =IF(U14<0, "VENCIDO", "AL DÍA") -> VENCIDO | W14: Operativo | X14: LEGAL | Y14: 1 | Z14: Normativa deportiva y de salud para actividades físicas.
A15: CASINO | B15: Piso zócalo | C15: Zócalo | D15: Infraestructura | E15: Camarines | F15: Camarín Mujeres | G15: 2000 | H15: 0 | I15: =YEAR(TODAY())-G15 -> 26 | J15: 3 | K15: =IF(J15=1,"Cambiar",IF(J15=2,"Presupuestar",IF(H15=0,"Activo",IF(G15+H15<YEAR(TODAY()),"Cambiar o Inspección externa",IF(G15+H15-1<YEAR(TODAY()),"Presupuestar","Activo"))))) -> Activo | L15: N/A | M15: N/A | N15: N/A | O15: 2 duchas | P15: Mensual | Q15: 30 | R15: Operaciones DSV | S15: 46228 | T15: =+S15+Q15 -> 46258 | U15: =T15-TODAY() -> -3 | V15: =IF(U15<0, "VENCIDO", "AL DÍA") -> VENCIDO | W15: Operativo | X15: LEGAL | Y15: 1 | Z15: Normativa deportiva y de salud para actividades físicas.
A16: CICLO INICIAL | B16: 1° Piso | C16: Sala caldera NB | D16: Equipo | E16: Climatización | F16: Caldera | G16: 2013 | H16: 15 | I16: =YEAR(TODAY())-G16 -> 13 | J16: 3 | K16: =IF(J16=1,"Cambiar",IF(J16=2,"Presupuestar",IF(H16=0,"Activo",IF(G16+H16<YEAR(TODAY()),"Cambiar o Inspección externa",IF(G16+H16-1<YEAR(TODAY()),"Presupuestar","Activo"))))) -> Activo | L16: ACV | M16: PRESTIGE 75 | N16: 04S1BO0751 | O16: 69.9 kW | P16: Anual | Q16: 365 | R16: Empresa externa clima - RyR | S16: 46198 | T16: =+S16+Q16 -> 46563 | U16: =T16-TODAY() -> 302 | V16: =IF(U16<0, "VENCIDO", "AL DÍA") -> AL DÍA | W16: Operativo | X16: OPERACIÓN | Y16: 1 | Z16: Generador de calor central; su falla detiene el sistema de calefacción.
A17: CICLO INICIAL | B17: 1° Piso | D17: Equipo | E17: Climatización | F17: Radiadores | G17: 2013 | H17: 20 | I17: =YEAR(TODAY())-G17 -> 13 | J17: 3 | K17: =IF(J17=1,"Cambiar",IF(J17=2,"Presupuestar",IF(H17=0,"Activo",IF(G17+H17<YEAR(TODAY()),"Cambiar o Inspección externa",IF(G17+H17-1<YEAR(TODAY()),"Presupuestar","Activo"))))) -> Activo | L17: ANWO | P17: Anual | Q17: 365 | R17: Empresa externa clima - RyR | S17: 46198 | T17: =+S17+Q17 -> 46563 | U17: =T17-TODAY() -> 302 | V17: =IF(U17<0, "VENCIDO", "AL DÍA") -> AL DÍA | W17: Operativo | X17: GENERAL | Y17: 1 | Z17: Emisores de calor (el sistema principal es Operación).
A18: CICLO INICIAL | B18: 1° Piso | C18: Patio principal | D18: Infraestructura | F18: Techumbre metálica patio central CI | G18: 2023 | H18: 25 | I18: =YEAR(TODAY())-G18 -> 3 | J18: 3 | K18: =IF(J18=1,"Cambiar",IF(J18=2,"Presupuestar",IF(H18=0,"Activo",IF(G18+H18<YEAR(TODAY()),"Cambiar o Inspección externa",IF(G18+H18-1<YEAR(TODAY()),"Presupuestar","Activo"))))) -> Activo | L18: N/A | M18: N/A | N18: N/A | O18: 17 m x 33 m | P18: 3-4 años | Q18: =365*3.5 -> 1277.5 | R18: Operaciones DSV | S18: 46198 | T18: =+S18+Q18 -> 47475.5 | U18: =T18-TODAY() -> 1214.5 | V18: =IF(U18<0, "VENCIDO", "AL DÍA") -> AL DÍA | W18: Operativo | X18: SEGURIDAD | Y18: 1 | Z18: Estructura de gran envergadura en zonas de alto tránsito de alumnos.
A19: CICLO INICIAL | B19: 1° Piso | C19: Estac. Subterráneo | D19: Equipo | E19: Tablero Eléctrico | F19: Tablero eléctrico principal | G19: 2013 | H19: 40 | I19: =YEAR(TODAY())-G19 -> 13 | J19: 3 | K19: =IF(J19=1,"Cambiar",IF(J19=2,"Presupuestar",IF(H19=0,"Activo",IF(G19+H19<YEAR(TODAY()),"Cambiar o Inspección externa",IF(G19+H19-1<YEAR(TODAY()),"Presupuestar","Activo"))))) -> Activo | L19: N/A | M19: N/A | N19: N/A | O19: 100 A | P19: Anual | Q19: 365 | R19: Empresa externa | S19: 46198 | T19: =+S19+Q19 -> 46563 | U19: =T19-TODAY() -> 302 | V19: =IF(U19<0, "VENCIDO", "AL DÍA") -> AL DÍA | W19: Operativo | X19: SEGURIDAD | Y19: 1 | Z19: Distribución primaria de energía; vital para la integridad de la red.
A20: CICLO INICIAL | B20: 1° Piso | C20: Patio de Juegos | D20: Equipo | E20: Tablero Eléctrico | F20: Tablero eléctrico de derivación | G20: 2013 | H20: 40 | I20: =YEAR(TODAY())-G20 -> 13 | J20: 3 | K20: =IF(J20=1,"Cambiar",IF(J20=2,"Presupuestar",IF(H20=0,"Activo",IF(G20+H20<YEAR(TODAY()),"Cambiar o Inspección externa",IF(G20+H20-1<YEAR(TODAY()),"Presupuestar","Activo"))))) -> Activo | L20: N/A | M20: N/A | N20: N/A | P20: Anual | Q20: 365 | R20: Empresa externa | S20: 46198 | T20: =+S20+Q20 -> 46563 | U20: =T20-TODAY() -> 302 | V20: =IF(U20<0, "VENCIDO", "AL DÍA") -> AL DÍA | W20: Operativo | X20: SEGURIDAD | Y20: 1 | Z20: Distribución primaria de energía; vital para la integridad de la red.
A21: CICLO INICIAL | B21: 1° Piso | C21: 1° Piso | D21: Infraestructura | E21: Baño | F21: Baño adultos funcionarios | G21: 2013 | H21: 0 | I21: =YEAR(TODAY())-G21 -> 13 | J21: 3 | K21: =IF(J21=1,"Cambiar",IF(J21=2,"Presupuestar",IF(H21=0,"Activo",IF(G21+H21<YEAR(TODAY()),"Cambiar o Inspección externa",IF(G21+H21-1<YEAR(TODAY()),"Presupuestar","Activo"))))) -> Activo | L21: N/A | M21: N/A | N21: N/A | P21: Mensual | Q21: 30 | R21: Operaciones DSV | S21: 46228 | T21: =+S21+Q21 -> 46258 | U21: =T21-TODAY() -> -3 | V21: =IF(U21<0, "VENCIDO", "AL DÍA") -> VENCIDO | W21: Operativo | X21: LEGAL | Y21: 1
A22: CICLO INICIAL | B22: 1° Piso | C22: 1° Piso | D22: Infraestructura | E22: Baño | F22: Baño discapacitado | G22: 2013 | H22: 0 | I22: =YEAR(TODAY())-G22 -> 13 | J22: 3 | K22: =IF(J22=1,"Cambiar",IF(J22=2,"Presupuestar",IF(H22=0,"Activo",IF(G22+H22<YEAR(TODAY()),"Cambiar o Inspección externa",IF(G22+H22-1<YEAR(TODAY()),"Presupuestar","Activo"))))) -> Activo | L22: N/A | M22: N/A | N22: N/A | O22: 1 WC | P22: Mensual | Q22: 30 | R22: Operaciones DSV | S22: 46228 | T22: =+S22+Q22 -> 46258 | U22: =T22-TODAY() -> -3 | V22: =IF(U22<0, "VENCIDO", "AL DÍA") -> VENCIDO | W22: Operativo | X22: LEGAL | Y22: 1 | Z22: Cumplimiento de accesibilidad universal y seguridad para personas con movilidad reducida.
A23: CICLO INICIAL | B23: 1° Piso | C23: 1° Piso | D23: Infraestructura | E23: Baño | F23: Baño alumnos varones | G23: 2013 | H23: 0 | I23: =YEAR(TODAY())-G23 -> 13 | J23: 3 | K23: =IF(J23=1,"Cambiar",IF(J23=2,"Presupuestar",IF(H23=0,"Activo",IF(G23+H23<YEAR(TODAY()),"Cambiar o Inspección externa",IF(G23+H23-1<YEAR(TODAY()),"Presupuestar","Activo"))))) -> Activo | L23: N/A | M23: N/A | N23: N/A | O23: 2 | P23: Mensual | Q23: 30 | R23: Operaciones DSV | S23: 46228 | T23: =+S23+Q23 -> 46258 | U23: =T23-TODAY() -> -3 | V23: =IF(U23<0, "VENCIDO", "AL DÍA") -> VENCIDO | W23: Operativo | X23: LEGAL | Y23: 2
A24: CICLO INICIAL | B24: 1° Piso | C24: 1° Piso | D24: Infraestructura | E24: Baño | F24: Baño alumnos mujeres | G24: 2013 | H24: 0 | I24: =YEAR(TODAY())-G24 -> 13 | J24: 3 | K24: =IF(J24=1,"Cambiar",IF(J24=2,"Presupuestar",IF(H24=0,"Activo",IF(G24+H24<YEAR(TODAY()),"Cambiar o Inspección externa",IF(G24+H24-1<YEAR(TODAY()),"Presupuestar","Activo"))))) -> Activo | L24: N/A | M24: N/A | N24: N/A | P24: Mensual | Q24: 30 | R24: Operaciones DSV | S24: 46228 | T24: =+S24+Q24 -> 46258 | U24: =T24-TODAY() -> -3 | V24: =IF(U24<0, "VENCIDO", "AL DÍA") -> VENCIDO | W24: Operativo | X24: LEGAL | Y24: 2
A25: CICLO INICIAL | B25: 1° Piso | C25: 1° Piso | D25: Infraestructura | F25: Pintura de paredes interior | G25: 2013 | H25: 0 | I25: =YEAR(TODAY())-G25 -> 13 | J25: 3 | K25: =IF(J25=1,"Cambiar",IF(J25=2,"Presupuestar",IF(H25=0,"Activo",IF(G25+H25<YEAR(TODAY()),"Cambiar o Inspección externa",IF(G25+H25-1<YEAR(TODAY()),"Presupuestar","Activo"))))) -> Activo | L25: N/A | M25: N/A | N25: N/A | P25: 3 años | Q25: =365*3 -> 1095 | R25: Operaciones DSV | S25: 46198 | T25: =+S25+Q25 -> 47293 | U25: =T25-TODAY() -> 1032 | V25: =IF(U25<0, "VENCIDO", "AL DÍA") -> AL DÍA | W25: Operativo | X25: GENERAL | Y25: 3
A26: CICLO INICIAL | B26: 1° Piso | C26: 1° Piso | D26: Infraestructura | F26: Siding | G26: 2013 | H26: 25 | I26: =YEAR(TODAY())-G26 -> 13 | J26: 3 | K26: =IF(J26=1,"Cambiar",IF(J26=2,"Presupuestar",IF(H26=0,"Activo",IF(G26+H26<YEAR(TODAY()),"Cambiar o Inspección externa",IF(G26+H26-1<YEAR(TODAY()),"Presupuestar","Activo"))))) -> Activo | L26: N/A | M26: N/A | N26: N/A | P26: 5 años | Q26: =5*365 -> 1825 | R26: Operaciones DSV | S26: 46198 | T26: =+S26+Q26 -> 48023 | U26: =T26-TODAY() -> 1762 | V26: =IF(U26<0, "VENCIDO", "AL DÍA") -> AL DÍA | W26: Operativo | X26: GENERAL | Y26: 2 | Z26: Lavado de pared de siding pvc
A27: CICLO INICIAL | B27: 1° Piso | C27: Edificio | D27: Infraestructura | F27: Techumbre Ciclo Inicial | G27: 2013 | H27: 25 | I27: =YEAR(TODAY())-G27 -> 13 | J27: 3 | K27: =IF(J27=1,"Cambiar",IF(J27=2,"Presupuestar",IF(H27=0,"Activo",IF(G27+H27<YEAR(TODAY()),"Cambiar o Inspección externa",IF(G27+H27-1<YEAR(TODAY()),"Presupuestar","Activo"))))) -> Activo | L27: N/A | M27: N/A | N27: N/A | P27: 3-4 años | Q27: =365*3.5 -> 1277.5 | R27: Operaciones DSV | S27: 46198 | T27: =+S27+Q27 -> 47475.5 | U27: =T27-TODAY() -> 1214.5 | V27: =IF(U27<0, "VENCIDO", "AL DÍA") -> AL DÍA | W27: Operativo | X27: SEGURIDAD | Y27: 1 | Z27: Cubierta estructural
A28: CICLO INICIAL | B28: 1° Piso | C28: K1A | D28: Infraestructura | F28: Ventanas | G28: 2013 | H28: 0 | I28: =YEAR(TODAY())-G28 -> 13 | J28: 3 | K28: =IF(J28=1,"Cambiar",IF(J28=2,"Presupuestar",IF(H28=0,"Activo",IF(G28+H28<YEAR(TODAY()),"Cambiar o Inspección externa",IF(G28+H28-1<YEAR(TODAY()),"Presupuestar","Activo"))))) -> Activo | L28: N/A | M28: N/A | N28: N/A | P28: Anual | Q28: 365 | R28: Empresa externa | S28: 46198 | T28: =+S28+Q28 -> 46563 | U28: =T28-TODAY() -> 302 | V28: =IF(U28<0, "VENCIDO", "AL DÍA") -> AL DÍA | W28: Operativo | X28: SEGURIDAD | Y28: 2 | Z28: Distribución primaria de energía; vital para la integridad de la red.
A29: CICLO INICIAL | B29: 1° Piso | C29: K1A | D29: Infraestructura | E29: Climatización | F29: Radiadores | G29: 2013 | H29: 20 | I29: =YEAR(TODAY())-G29 -> 13 | J29: 3 | K29: =IF(J29=1,"Cambiar",IF(J29=2,"Presupuestar",IF(H29=0,"Activo",IF(G29+H29<YEAR(TODAY()),"Cambiar o Inspección externa",IF(G29+H29-1<YEAR(TODAY()),"Presupuestar","Activo"))))) -> Activo | L29: SIN INFORMACIÓN | P29: Anual | Q29: 365 | R29: Operaciones DSV | S29: 46198 | T29: =+S29+Q29 -> 46563 | U29: =T29-TODAY() -> 302 | V29: =IF(U29<0, "VENCIDO", "AL DÍA") -> AL DÍA | W29: Operativo | X29: GENERAL | Y29: 1 | Z29: Emisores de calor (el sistema principal es Operación).
A30: CICLO INICIAL | B30: 1° Piso | C30: K1A | D30: Infraestructura | F30: Piso | G30: 2013 | H30: 0 | I30: =YEAR(TODAY())-G30 -> 13 | J30: 3 | K30: =IF(J30=1,"Cambiar",IF(J30=2,"Presupuestar",IF(H30=0,"Activo",IF(G30+H30<YEAR(TODAY()),"Cambiar o Inspección externa",IF(G30+H30-1<YEAR(TODAY()),"Presupuestar","Activo"))))) -> Activo | L30: N/A | Q30: 365 | R30: Empresa externa | S30: 46198 | T30: =+S30+Q30 -> 46563 | U30: =T30-TODAY() -> 302 | V30: =IF(U30<0, "VENCIDO", "AL DÍA") -> AL DÍA | W30: Operativo | X30: GENERAL | Y30: 2
A31: CICLO INICIAL | B31: 1° Piso | C31: K1A | D31: Infraestructura | F31: Enchufes | G31: 2013 | H31: 0 | I31: =YEAR(TODAY())-G31 -> 13 | J31: 3 | K31: =IF(J31=1,"Cambiar",IF(J31=2,"Presupuestar",IF(H31=0,"Activo",IF(G31+H31<YEAR(TODAY()),"Cambiar o Inspección externa",IF(G31+H31-1<YEAR(TODAY()),"Presupuestar","Activo"))))) -> Activo | L31: N/A | O31: 10 Amperes | Q31: 365 | R31: Empresa externa | S31: 46198 | T31: =+S31+Q31 -> 46563 | U31: =T31-TODAY() -> 302 | V31: =IF(U31<0, "VENCIDO", "AL DÍA") -> AL DÍA | W31: Operativo | X31: GENERAL | Y31: 2
A32: CICLO INICIAL | B32: 1° Piso | C32: K1A | D32: Equipo | F32: TV | G32: 2019 | H32: 15 | I32: =YEAR(TODAY())-G32 -> 7 | J32: 3 | K32: =IF(J32=1,"Cambiar",IF(J32=2,"Presupuestar",IF(H32=0,"Activo",IF(G32+H32<YEAR(TODAY()),"Cambiar o Inspección externa",IF(G32+H32-1<YEAR(TODAY()),"Presupuestar","Activo"))))) -> Activo | O32: 65" | P32: N/A | Q32: 365 | R32: Empresa externa | S32: 46198 | T32: =+S32+Q32 -> 46563 | U32: =T32-TODAY() -> 302 | V32: =IF(U32<0, "VENCIDO", "AL DÍA") -> AL DÍA | W32: Operativo | X32: OPERACIÓN | Y32: 2 | Z32: Profesores la utilizan como herramienta pedagógica (para proyectar diapositivas, videos educativos o conectar computadoras).
A33: CICLO INICIAL | B33: 1° Piso | C33: K1A | D33: Equipo | F33: Pizarra | G33: 2013 | H33: 0 | I33: =YEAR(TODAY())-G33 -> 13 | J33: 3 | K33: =IF(J33=1,"Cambiar",IF(J33=2,"Presupuestar",IF(H33=0,"Activo",IF(G33+H33<YEAR(TODAY()),"Cambiar o Inspección externa",IF(G33+H33-1<YEAR(TODAY()),"Presupuestar","Activo"))))) -> Activo | Q33: 365 | R33: Empresa externa | S33: 46198 | T33: =+S33+Q33 -> 46563 | U33: =T33-TODAY() -> 302 | V33: =IF(U33<0, "VENCIDO", "AL DÍA") -> AL DÍA | W33: Operativo | X33: OPERACIÓN | Y33: 2
A34: CICLO INICIAL | B34: 1° Piso | C34: K1A | D34: Infraestructura | F34: Puertas | G34: 2013 | H34: 0 | I34: =YEAR(TODAY())-G34 -> 13 | J34: 3 | K34: =IF(J34=1,"Cambiar",IF(J34=2,"Presupuestar",IF(H34=0,"Activo",IF(G34+H34<YEAR(TODAY()),"Cambiar o Inspección externa",IF(G34+H34-1<YEAR(TODAY()),"Presupuestar","Activo"))))) -> Activo | L34: N/A | O34: Madera Vidrio | Q34: 365 | R34: Empresa externa | S34: 46198 | T34: =+S34+Q34 -> 46563 | U34: =T34-TODAY() -> 302 | V34: =IF(U34<0, "VENCIDO", "AL DÍA") -> AL DÍA | W34: Operativo | X34: GENERAL | Y34: 2
A35: CICLO INICIAL | B35: 1° Piso | C35: K1B | D35: Infraestructura | F35: Ventanas | G35: 2013 | H35: 0 | I35: =YEAR(TODAY())-G35 -> 13 | J35: 3 | K35: =IF(J35=1,"Cambiar",IF(J35=2,"Presupuestar",IF(H35=0,"Activo",IF(G35+H35<YEAR(TODAY()),"Cambiar o Inspección externa",IF(G35+H35-1<YEAR(TODAY()),"Presupuestar","Activo"))))) -> Activo | L35: N/A | M35: N/A | N35: N/A | P35: Anual | Q35: 365 | R35: Empresa externa | S35: 46198 | T35: =+S35+Q35 -> 46563 | U35: =T35-TODAY() -> 302 | V35: =IF(U35<0, "VENCIDO", "AL DÍA") -> AL DÍA | W35: Operativo | X35: SEGURIDAD | Y35: 2 | Z35: Distribución primaria de energía; vital para la integridad de la red.
A36: CICLO INICIAL | B36: 1° Piso | C36: K1B | D36: Infraestructura | E36: Climatización | F36: Radiadores | G36: 2013 | H36: 20 | I36: =YEAR(TODAY())-G36 -> 13 | J36: 3 | K36: =IF(J36=1,"Cambiar",IF(J36=2,"Presupuestar",IF(H36=0,"Activo",IF(G36+H36<YEAR(TODAY()),"Cambiar o Inspección externa",IF(G36+H36-1<YEAR(TODAY()),"Presupuestar","Activo"))))) -> Activo | L36: SIN INFORMACIÓN | P36: Anual | Q36: 365 | R36: Operaciones DSV | S36: 46198 | T36: =+S36+Q36 -> 46563 | U36: =T36-TODAY() -> 302 | V36: =IF(U36<0, "VENCIDO", "AL DÍA") -> AL DÍA | W36: Operativo | X36: GENERAL | Y36: 1 | Z36: Emisores de calor (el sistema principal es Operación).
A37: CICLO INICIAL | B37: 1° Piso | C37: K1B | D37: Infraestructura | F37: Piso | G37: 2013 | H37: 0 | I37: =YEAR(TODAY())-G37 -> 13 | J37: 3 | K37: =IF(J37=1,"Cambiar",IF(J37=2,"Presupuestar",IF(H37=0,"Activo",IF(G37+H37<YEAR(TODAY()),"Cambiar o Inspección externa",IF(G37+H37-1<YEAR(TODAY()),"Presupuestar","Activo"))))) -> Activo | L37: N/A | Q37: 365 | R37: Empresa externa | S37: 46198 | T37: =+S37+Q37 -> 46563 | U37: =T37-TODAY() -> 302 | V37: =IF(U37<0, "VENCIDO", "AL DÍA") -> AL DÍA | W37: Operativo | X37: GENERAL | Y37: 2
A38: CICLO INICIAL | B38: 1° Piso | C38: K1B | D38: Infraestructura | F38: Enchufes | G38: 2013 | H38: 0 | I38: =YEAR(TODAY())-G38 -> 13 | J38: 3 | K38: =IF(J38=1,"Cambiar",IF(J38=2,"Presupuestar",IF(H38=0,"Activo",IF(G38+H38<YEAR(TODAY()),"Cambiar o Inspección externa",IF(G38+H38-1<YEAR(TODAY()),"Presupuestar","Activo"))))) -> Activo | L38: N/A | O38: 10 Amperes | Q38: 365 | R38: Empresa externa | S38: 46198 | T38: =+S38+Q38 -> 46563 | U38: =T38-TODAY() -> 302 | V38: =IF(U38<0, "VENCIDO", "AL DÍA") -> AL DÍA | W38: Operativo | X38: GENERAL | Y38: 2
A39: CICLO INICIAL | B39: 1° Piso | C39: K1B | D39: Equipo | F39: TV | G39: 2019 | H39: 15 | I39: =YEAR(TODAY())-G39 -> 7 | J39: 3 | K39: =IF(J39=1,"Cambiar",IF(J39=2,"Presupuestar",IF(H39=0,"Activo",IF(G39+H39<YEAR(TODAY()),"Cambiar o Inspección externa",IF(G39+H39-1<YEAR(TODAY()),"Presupuestar","Activo"))))) -> Activo | O39: 65" | P39: N/A | Q39: 365 | R39: Empresa externa | S39: 46198 | T39: =+S39+Q39 -> 46563 | U39: =T39-TODAY() -> 302 | V39: =IF(U39<0, "VENCIDO", "AL DÍA") -> AL DÍA | W39: Operativo | X39: OPERACIÓN | Y39: 2 | Z39: Profesores la utilizan como herramienta pedagógica (para proyectar diapositivas, videos educativos o conectar computadoras).
A40: CICLO INICIAL | B40: 1° Piso | C40: K1B | D40: Equipo | F40: Pizarra | G40: 2013 | H40: 0 | I40: =YEAR(TODAY())-G40 -> 13 | J40: 3 | K40: =IF(J40=1,"Cambiar",IF(J40=2,"Presupuestar",IF(H40=0,"Activo",IF(G40+H40<YEAR(TODAY()),"Cambiar o Inspección externa",IF(G40+H40-1<YEAR(TODAY()),"Presupuestar","Activo"))))) -> Activo | Q40: 365 | R40: Empresa externa | S40: 46198 | T40: =+S40+Q40 -> 46563 | U40: =T40-TODAY() -> 302 | V40: =IF(U40<0, "VENCIDO", "AL DÍA") -> AL DÍA | W40: Operativo | X40: OPERACIÓN | Y40: 2
A41: CICLO INICIAL | B41: 1° Piso | C41: K1B | D41: Infraestructura | F41: Puertas | G41: 2013 | H41: 0 | I41: =YEAR(TODAY())-G41 -> 13 | J41: 3 | K41: =IF(J41=1,"Cambiar",IF(J41=2,"Presupuestar",IF(H41=0,"Activo",IF(G41+H41<YEAR(TODAY()),"Cambiar o Inspección externa",IF(G41+H41-1<YEAR(TODAY()),"Presupuestar","Activo"))))) -> Activo | L41: N/A | O41: Madera Vidrio | Q41: 365 | R41: Empresa externa | S41: 46198 | T41: =+S41+Q41 -> 46563 | U41: =T41-TODAY() -> 302 | V41: =IF(U41<0, "VENCIDO", "AL DÍA") -> AL DÍA | W41: Operativo | X41: GENERAL | Y41: 2
A42: CICLO INICIAL | B42: 1° Piso | C42: K1C | D42: Infraestructura | F42: Ventanas | G42: 2013 | H42: 0 | I42: =YEAR(TODAY())-G42 -> 13 | J42: 3 | K42: =IF(J42=1,"Cambiar",IF(J42=2,"Presupuestar",IF(H42=0,"Activo",IF(G42+H42<YEAR(TODAY()),"Cambiar o Inspección externa",IF(G42+H42-1<YEAR(TODAY()),"Presupuestar","Activo"))))) -> Activo | L42: N/A | M42: N/A | N42: N/A | P42: Anual | Q42: 365 | R42: Empresa externa | S42: 46198 | T42: =+S42+Q42 -> 46563 | U42: =T42-TODAY() -> 302 | V42: =IF(U42<0, "VENCIDO", "AL DÍA") -> AL DÍA | W42: Operativo | X42: SEGURIDAD | Y42: 2 | Z42: Distribución primaria de energía; vital para la integridad de la red.
A43: CICLO INICIAL | B43: 1° Piso | C43: K1C | D43: Infraestructura | E43: Climatización | F43: Radiadores | G43: 2013 | H43: 20 | I43: =YEAR(TODAY())-G43 -> 13 | J43: 3 | K43: =IF(J43=1,"Cambiar",IF(J43=2,"Presupuestar",IF(H43=0,"Activo",IF(G43+H43<YEAR(TODAY()),"Cambiar o Inspección externa",IF(G43+H43-1<YEAR(TODAY()),"Presupuestar","Activo"))))) -> Activo | L43: SIN INFORMACIÓN | P43: Anual | Q43: 365 | R43: Operaciones DSV | S43: 46198 | T43: =+S43+Q43 -> 46563 | U43: =T43-TODAY() -> 302 | V43: =IF(U43<0, "VENCIDO", "AL DÍA") -> AL DÍA | W43: Operativo | X43: GENERAL | Y43: 1 | Z43: Emisores de calor (el sistema principal es Operación).
A44: CICLO INICIAL | B44: 1° Piso | C44: K1C | D44: Infraestructura | F44: Piso | G44: 2013 | H44: 0 | I44: =YEAR(TODAY())-G44 -> 13 | J44: 3 | K44: =IF(J44=1,"Cambiar",IF(J44=2,"Presupuestar",IF(H44=0,"Activo",IF(G44+H44<YEAR(TODAY()),"Cambiar o Inspección externa",IF(G44+H44-1<YEAR(TODAY()),"Presupuestar","Activo"))))) -> Activo | L44: N/A | Q44: 365 | R44: Empresa externa | S44: 46198 | T44: =+S44+Q44 -> 46563 | U44: =T44-TODAY() -> 302 | V44: =IF(U44<0, "VENCIDO", "AL DÍA") -> AL DÍA | W44: Operativo | X44: GENERAL | Y44: 2
A45: CICLO INICIAL | B45: 1° Piso | C45: K1C | D45: Infraestructura | F45: Enchufes | G45: 2013 | H45: 0 | I45: =YEAR(TODAY())-G45 -> 13 | J45: 3 | K45: =IF(J45=1,"Cambiar",IF(J45=2,"Presupuestar",IF(H45=0,"Activo",IF(G45+H45<YEAR(TODAY()),"Cambiar o Inspección externa",IF(G45+H45-1<YEAR(TODAY()),"Presupuestar","Activo"))))) -> Activo | L45: N/A | O45: 10 Amperes | Q45: 365 | R45: Empresa externa | S45: 46198 | T45: =+S45+Q45 -> 46563 | U45: =T45-TODAY() -> 302 | V45: =IF(U45<0, "VENCIDO", "AL DÍA") -> AL DÍA | W45: Operativo | X45: GENERAL | Y45: 2
A46: CICLO INICIAL | B46: 1° Piso | C46: K1C | D46: Equipo | F46: TV | G46: 2019 | H46: 15 | I46: =YEAR(TODAY())-G46 -> 7 | J46: 3 | K46: =IF(J46=1,"Cambiar",IF(J46=2,"Presupuestar",IF(H46=0,"Activo",IF(G46+H46<YEAR(TODAY()),"Cambiar o Inspección externa",IF(G46+H46-1<YEAR(TODAY()),"Presupuestar","Activo"))))) -> Activo | O46: 65" | P46: N/A | Q46: 365 | R46: Empresa externa | S46: 46198 | T46: =+S46+Q46 -> 46563 | U46: =T46-TODAY() -> 302 | V46: =IF(U46<0, "VENCIDO", "AL DÍA") -> AL DÍA | W46: Operativo | X46: OPERACIÓN | Y46: 2 | Z46: Profesores la utilizan como herramienta pedagógica (para proyectar diapositivas, videos educativos o conectar computadoras).
A47: CICLO INICIAL | B47: 1° Piso | C47: K1C | D47: Equipo | F47: Pizarra | G47: 2013 | H47: 0 | I47: =YEAR(TODAY())-G47 -> 13 | J47: 3 | K47: =IF(J47=1,"Cambiar",IF(J47=2,"Presupuestar",IF(H47=0,"Activo",IF(G47+H47<YEAR(TODAY()),"Cambiar o Inspección externa",IF(G47+H47-1<YEAR(TODAY()),"Presupuestar","Activo"))))) -> Activo | Q47: 365 | R47: Empresa externa | S47: 46198 | T47: =+S47+Q47 -> 46563 | U47: =T47-TODAY() -> 302 | V47: =IF(U47<0, "VENCIDO", "AL DÍA") -> AL DÍA | W47: Operativo | X47: OPERACIÓN | Y47: 2
A48: CICLO INICIAL | B48: 1° Piso | C48: K1C | D48: Infraestructura | F48: Puertas | G48: 2013 | H48: 0 | I48: =YEAR(TODAY())-G48 -> 13 | J48: 3 | K48: =IF(J48=1,"Cambiar",IF(J48=2,"Presupuestar",IF(H48=0,"Activo",IF(G48+H48<YEAR(TODAY()),"Cambiar o Inspección externa",IF(G48+H48-1<YEAR(TODAY()),"Presupuestar","Activo"))))) -> Activo | L48: N/A | O48: Madera Vidrio | Q48: 365 | R48: Empresa externa | S48: 46198 | T48: =+S48+Q48 -> 46563 | U48: =T48-TODAY() -> 302 | V48: =IF(U48<0, "VENCIDO", "AL DÍA") -> AL DÍA | W48: Operativo | X48: GENERAL | Y48: 2
A49: CICLO INICIAL | B49: 1° Piso | C49: K1D | D49: Infraestructura | F49: Ventanas | G49: 2013 | H49: 0 | I49: =YEAR(TODAY())-G49 -> 13 | J49: 3 | K49: =IF(J49=1,"Cambiar",IF(J49=2,"Presupuestar",IF(H49=0,"Activo",IF(G49+H49<YEAR(TODAY()),"Cambiar o Inspección externa",IF(G49+H49-1<YEAR(TODAY()),"Presupuestar","Activo"))))) -> Activo | L49: N/A | M49: N/A | N49: N/A | P49: Anual | Q49: 365 | R49: Empresa externa | S49: 46198 | T49: =+S49+Q49 -> 46563 | U49: =T49-TODAY() -> 302 | V49: =IF(U49<0, "VENCIDO", "AL DÍA") -> AL DÍA | W49: Operativo | X49: SEGURIDAD | Y49: 2 | Z49: Distribución primaria de energía; vital para la integridad de la red.
A50: CICLO INICIAL | B50: 1° Piso | C50: K1D | D50: Infraestructura | E50: Climatización | F50: Radiadores | G50: 2013 | H50: 20 | I50: =YEAR(TODAY())-G50 -> 13 | J50: 3 | K50: =IF(J50=1,"Cambiar",IF(J50=2,"Presupuestar",IF(H50=0,"Activo",IF(G50+H50<YEAR(TODAY()),"Cambiar o Inspección externa",IF(G50+H50-1<YEAR(TODAY()),"Presupuestar","Activo"))))) -> Activo | L50: SIN INFORMACIÓN | P50: Anual | Q50: 365 | R50: Operaciones DSV | S50: 46198 | T50: =+S50+Q50 -> 46563 | U50: =T50-TODAY() -> 302 | V50: =IF(U50<0, "VENCIDO", "AL DÍA") -> AL DÍA | W50: Operativo | X50: GENERAL | Y50: 1 | Z50: Emisores de calor (el sistema principal es Operación).
A51: CICLO INICIAL | B51: 1° Piso | C51: K1D | D51: Infraestructura | F51: Piso | G51: 2013 | H51: 0 | I51: =YEAR(TODAY())-G51 -> 13 | J51: 3 | K51: =IF(J51=1,"Cambiar",IF(J51=2,"Presupuestar",IF(H51=0,"Activo",IF(G51+H51<YEAR(TODAY()),"Cambiar o Inspección externa",IF(G51+H51-1<YEAR(TODAY()),"Presupuestar","Activo"))))) -> Activo | L51: N/A | Q51: 365 | R51: Empresa externa | S51: 46198 | T51: =+S51+Q51 -> 46563 | U51: =T51-TODAY() -> 302 | V51: =IF(U51<0, "VENCIDO", "AL DÍA") -> AL DÍA | W51: Operativo | X51: GENERAL | Y51: 2
A52: CICLO INICIAL | B52: 1° Piso | C52: K1D | D52: Infraestructura | F52: Enchufes | G52: 2013 | H52: 0 | I52: =YEAR(TODAY())-G52 -> 13 | J52: 3 | K52: =IF(J52=1,"Cambiar",IF(J52=2,"Presupuestar",IF(H52=0,"Activo",IF(G52+H52<YEAR(TODAY()),"Cambiar o Inspección externa",IF(G52+H52-1<YEAR(TODAY()),"Presupuestar","Activo"))))) -> Activo | L52: N/A | O52: 10 Amperes | Q52: 365 | R52: Empresa externa | S52: 46198 | T52: =+S52+Q52 -> 46563 | U52: =T52-TODAY() -> 302 | V52: =IF(U52<0, "VENCIDO", "AL DÍA") -> AL DÍA | W52: Operativo | X52: GENERAL | Y52: 2
A53: CICLO INICIAL | B53: 1° Piso | C53: K1D | D53: Equipo | F53: TV | G53: 2019 | H53: 15 | I53: =YEAR(TODAY())-G53 -> 7 | J53: 3 | K53: =IF(J53=1,"Cambiar",IF(J53=2,"Presupuestar",IF(H53=0,"Activo",IF(G53+H53<YEAR(TODAY()),"Cambiar o Inspección externa",IF(G53+H53-1<YEAR(TODAY()),"Presupuestar","Activo"))))) -> Activo | O53: 65" | P53: N/A | Q53: 365 | R53: Empresa externa | S53: 46198 | T53: =+S53+Q53 -> 46563 | U53: =T53-TODAY() -> 302 | V53: =IF(U53<0, "VENCIDO", "AL DÍA") -> AL DÍA | W53: Operativo | X53: OPERACIÓN | Y53: 2 | Z53: Profesores la utilizan como herramienta pedagógica (para proyectar diapositivas, videos educativos o conectar computadoras).
A54: CICLO INICIAL | B54: 1° Piso | C54: K1D | D54: Equipo | F54: Pizarra | G54: 2013 | H54: 0 | I54: =YEAR(TODAY())-G54 -> 13 | J54: 3 | K54: =IF(J54=1,"Cambiar",IF(J54=2,"Presupuestar",IF(H54=0,"Activo",IF(G54+H54<YEAR(TODAY()),"Cambiar o Inspección externa",IF(G54+H54-1<YEAR(TODAY()),"Presupuestar","Activo"))))) -> Activo | Q54: 365 | R54: Empresa externa | S54: 46198 | T54: =+S54+Q54 -> 46563 | U54: =T54-TODAY() -> 302 | V54: =IF(U54<0, "VENCIDO", "AL DÍA") -> AL DÍA | W54: Operativo | X54: OPERACIÓN | Y54: 2
A55: CICLO INICIAL | B55: 1° Piso | C55: K1D | D55: Infraestructura | F55: Puertas | G55: 2013 | H55: 0 | I55: =YEAR(TODAY())-G55 -> 13 | J55: 3 | K55: =IF(J55=1,"Cambiar",IF(J55=2,"Presupuestar",IF(H55=0,"Activo",IF(G55+H55<YEAR(TODAY()),"Cambiar o Inspección externa",IF(G55+H55-1<YEAR(TODAY()),"Presupuestar","Activo"))))) -> Activo | L55: N/A | O55: Madera Vidrio | Q55: 365 | R55: Empresa externa | S55: 46198 | T55: =+S55+Q55 -> 46563 | U55: =T55-TODAY() -> 302 | V55: =IF(U55<0, "VENCIDO", "AL DÍA") -> AL DÍA | W55: Operativo | X55: GENERAL | Y55: 2
A56: CICLO INICIAL | B56: 1° Piso | C56: K2A | D56: Infraestructura | F56: Ventanas | G56: 2013 | H56: 0 | I56: =YEAR(TODAY())-G56 -> 13 | J56: 3 | K56: =IF(J56=1,"Cambiar",IF(J56=2,"Presupuestar",IF(H56=0,"Activo",IF(G56+H56<YEAR(TODAY()),"Cambiar o Inspección externa",IF(G56+H56-1<YEAR(TODAY()),"Presupuestar","Activo"))))) -> Activo | L56: N/A | M56: N/A | N56: N/A | P56: Anual | Q56: 365 | R56: Empresa externa | S56: 46198 | T56: =+S56+Q56 -> 46563 | U56: =T56-TODAY() -> 302 | V56: =IF(U56<0, "VENCIDO", "AL DÍA") -> AL DÍA | W56: Operativo | X56: SEGURIDAD | Y56: 2 | Z56: Distribución primaria de energía; vital para la integridad de la red.
A57: CICLO INICIAL | B57: 1° Piso | C57: K2A | D57: Infraestructura | E57: Climatización | F57: Radiadores | G57: 2013 | H57: 20 | I57: =YEAR(TODAY())-G57 -> 13 | J57: 3 | K57: =IF(J57=1,"Cambiar",IF(J57=2,"Presupuestar",IF(H57=0,"Activo",IF(G57+H57<YEAR(TODAY()),"Cambiar o Inspección externa",IF(G57+H57-1<YEAR(TODAY()),"Presupuestar","Activo"))))) -> Activo | L57: SIN INFORMACIÓN | P57: Anual | Q57: 365 | R57: Operaciones DSV | S57: 46198 | T57: =+S57+Q57 -> 46563 | U57: =T57-TODAY() -> 302 | V57: =IF(U57<0, "VENCIDO", "AL DÍA") -> AL DÍA | W57: Operativo | X57: GENERAL | Y57: 1 | Z57: Emisores de calor (el sistema principal es Operación).
A58: CICLO INICIAL | B58: 1° Piso | C58: K2A | D58: Infraestructura | F58: Piso | G58: 2013 | H58: 0 | I58: =YEAR(TODAY())-G58 -> 13 | J58: 3 | K58: =IF(J58=1,"Cambiar",IF(J58=2,"Presupuestar",IF(H58=0,"Activo",IF(G58+H58<YEAR(TODAY()),"Cambiar o Inspección externa",IF(G58+H58-1<YEAR(TODAY()),"Presupuestar","Activo"))))) -> Activo | L58: N/A | Q58: 365 | R58: Empresa externa | S58: 46198 | T58: =+S58+Q58 -> 46563 | U58: =T58-TODAY() -> 302 | V58: =IF(U58<0, "VENCIDO", "AL DÍA") -> AL DÍA | W58: Operativo | X58: GENERAL | Y58: 2
A59: CICLO INICIAL | B59: 1° Piso | C59: K2A | D59: Infraestructura | F59: Enchufes | G59: 2013 | H59: 0 | I59: =YEAR(TODAY())-G59 -> 13 | J59: 3 | K59: =IF(J59=1,"Cambiar",IF(J59=2,"Presupuestar",IF(H59=0,"Activo",IF(G59+H59<YEAR(TODAY()),"Cambiar o Inspección externa",IF(G59+H59-1<YEAR(TODAY()),"Presupuestar","Activo"))))) -> Activo | L59: N/A | O59: 10 Amperes | Q59: 365 | R59: Empresa externa | S59: 46198 | T59: =+S59+Q59 -> 46563 | U59: =T59-TODAY() -> 302 | V59: =IF(U59<0, "VENCIDO", "AL DÍA") -> AL DÍA | W59: Operativo | X59: GENERAL | Y59: 2
A60: CICLO INICIAL | B60: 1° Piso | C60: K2A | D60: Equipo | F60: TV | G60: 2019 | H60: 15 | I60: =YEAR(TODAY())-G60 -> 7 | J60: 3 | K60: =IF(J60=1,"Cambiar",IF(J60=2,"Presupuestar",IF(H60=0,"Activo",IF(G60+H60<YEAR(TODAY()),"Cambiar o Inspección externa",IF(G60+H60-1<YEAR(TODAY()),"Presupuestar","Activo"))))) -> Activo | O60: 65" | P60: N/A | Q60: 365 | R60: Empresa externa | S60: 46198 | T60: =+S60+Q60 -> 46563 | U60: =T60-TODAY() -> 302 | V60: =IF(U60<0, "VENCIDO", "AL DÍA") -> AL DÍA | W60: Operativo | X60: OPERACIÓN | Y60: 2 | Z60: Profesores la utilizan como herramienta pedagógica (para proyectar diapositivas, videos educativos o conectar computadoras).
A61: CICLO INICIAL | B61: 1° Piso | C61: K2A | D61: Equipo | F61: Pizarra | G61: 2013 | H61: 0 | I61: =YEAR(TODAY())-G61 -> 13 | J61: 3 | K61: =IF(J61=1,"Cambiar",IF(J61=2,"Presupuestar",IF(H61=0,"Activo",IF(G61+H61<YEAR(TODAY()),"Cambiar o Inspección externa",IF(G61+H61-1<YEAR(TODAY()),"Presupuestar","Activo"))))) -> Activo | Q61: 365 | R61: Empresa externa | S61: 46198 | T61: =+S61+Q61 -> 46563 | U61: =T61-TODAY() -> 302 | V61: =IF(U61<0, "VENCIDO", "AL DÍA") -> AL DÍA | W61: Operativo | X61: OPERACIÓN | Y61: 2
A62: CICLO INICIAL | B62: 1° Piso | C62: K2A | D62: Infraestructura | F62: Puertas | G62: 2013 | H62: 0 | I62: =YEAR(TODAY())-G62 -> 13 | J62: 3 | K62: =IF(J62=1,"Cambiar",IF(J62=2,"Presupuestar",IF(H62=0,"Activo",IF(G62+H62<YEAR(TODAY()),"Cambiar o Inspección externa",IF(G62+H62-1<YEAR(TODAY()),"Presupuestar","Activo"))))) -> Activo | L62: N/A | O62: Madera Vidrio | Q62: 365 | R62: Empresa externa | S62: 46198 | T62: =+S62+Q62 -> 46563 | U62: =T62-TODAY() -> 302 | V62: =IF(U62<0, "VENCIDO", "AL DÍA") -> AL DÍA | W62: Operativo | X62: GENERAL | Y62: 2
A63: CICLO INICIAL | B63: 1° Piso | C63: K2B | D63: Infraestructura | F63: Ventanas | G63: 2013 | H63: 0 | I63: =YEAR(TODAY())-G63 -> 13 | J63: 3 | K63: =IF(J63=1,"Cambiar",IF(J63=2,"Presupuestar",IF(H63=0,"Activo",IF(G63+H63<YEAR(TODAY()),"Cambiar o Inspección externa",IF(G63+H63-1<YEAR(TODAY()),"Presupuestar","Activo"))))) -> Activo | L63: N/A | M63: N/A | N63: N/A | P63: Anual | Q63: 365 | R63: Empresa externa | S63: 46198 | T63: =+S63+Q63 -> 46563 | U63: =T63-TODAY() -> 302 | V63: =IF(U63<0, "VENCIDO", "AL DÍA") -> AL DÍA | W63: Operativo | X63: SEGURIDAD | Y63: 2 | Z63: Distribución primaria de energía; vital para la integridad de la red.
A64: CICLO INICIAL | B64: 1° Piso | C64: K2B | D64: Infraestructura | E64: Climatización | F64: Radiadores | G64: 2013 | H64: 20 | I64: =YEAR(TODAY())-G64 -> 13 | J64: 3 | K64: =IF(J64=1,"Cambiar",IF(J64=2,"Presupuestar",IF(H64=0,"Activo",IF(G64+H64<YEAR(TODAY()),"Cambiar o Inspección externa",IF(G64+H64-1<YEAR(TODAY()),"Presupuestar","Activo"))))) -> Activo | L64: SIN INFORMACIÓN | P64: Anual | Q64: 365 | R64: Operaciones DSV | S64: 46198 | T64: =+S64+Q64 -> 46563 | U64: =T64-TODAY() -> 302 | V64: =IF(U64<0, "VENCIDO", "AL DÍA") -> AL DÍA | W64: Operativo | X64: GENERAL | Y64: 1 | Z64: Emisores de calor (el sistema principal es Operación).
A65: CICLO INICIAL | B65: 1° Piso | C65: K2B | D65: Infraestructura | F65: Piso | G65: 2013 | H65: 0 | I65: =YEAR(TODAY())-G65 -> 13 | J65: 3 | K65: =IF(J65=1,"Cambiar",IF(J65=2,"Presupuestar",IF(H65=0,"Activo",IF(G65+H65<YEAR(TODAY()),"Cambiar o Inspección externa",IF(G65+H65-1<YEAR(TODAY()),"Presupuestar","Activo"))))) -> Activo | L65: N/A | Q65: 365 | R65: Empresa externa | S65: 46198 | T65: =+S65+Q65 -> 46563 | U65: =T65-TODAY() -> 302 | V65: =IF(U65<0, "VENCIDO", "AL DÍA") -> AL DÍA | W65: Operativo | X65: GENERAL | Y65: 2
A66: CICLO INICIAL | B66: 1° Piso | C66: K2B | D66: Infraestructura | F66: Enchufes | G66: 2013 | H66: 0 | I66: =YEAR(TODAY())-G66 -> 13 | J66: 3 | K66: =IF(J66=1,"Cambiar",IF(J66=2,"Presupuestar",IF(H66=0,"Activo",IF(G66+H66<YEAR(TODAY()),"Cambiar o Inspección externa",IF(G66+H66-1<YEAR(TODAY()),"Presupuestar","Activo"))))) -> Activo | L66: N/A | O66: 10 Amperes | Q66: 365 | R66: Empresa externa | S66: 46198 | T66: =+S66+Q66 -> 46563 | U66: =T66-TODAY() -> 302 | V66: =IF(U66<0, "VENCIDO", "AL DÍA") -> AL DÍA | W66: Operativo | X66: GENERAL | Y66: 2
A67: CICLO INICIAL | B67: 1° Piso | C67: K2B | D67: Equipo | F67: TV | G67: 2019 | H67: 15 | I67: =YEAR(TODAY())-G67 -> 7 | J67: 3 | K67: =IF(J67=1,"Cambiar",IF(J67=2,"Presupuestar",IF(H67=0,"Activo",IF(G67+H67<YEAR(TODAY()),"Cambiar o Inspección externa",IF(G67+H67-1<YEAR(TODAY()),"Presupuestar","Activo"))))) -> Activo | O67: 65" | P67: N/A | Q67: 365 | R67: Empresa externa | S67: 46198 | T67: =+S67+Q67 -> 46563 | U67: =T67-TODAY() -> 302 | V67: =IF(U67<0, "VENCIDO", "AL DÍA") -> AL DÍA | W67: Operativo | X67: OPERACIÓN | Y67: 2 | Z67: Profesores la utilizan como herramienta pedagógica (para proyectar diapositivas, videos educativos o conectar computadoras).
A68: CICLO INICIAL | B68: 1° Piso | C68: K2B | D68: Equipo | F68: Pizarra | G68: 2013 | H68: 0 | I68: =YEAR(TODAY())-G68 -> 13 | J68: 3 | K68: =IF(J68=1,"Cambiar",IF(J68=2,"Presupuestar",IF(H68=0,"Activo",IF(G68+H68<YEAR(TODAY()),"Cambiar o Inspección externa",IF(G68+H68-1<YEAR(TODAY()),"Presupuestar","Activo"))))) -> Activo | Q68: 365 | R68: Empresa externa | S68: 46198 | T68: =+S68+Q68 -> 46563 | U68: =T68-TODAY() -> 302 | V68: =IF(U68<0, "VENCIDO", "AL DÍA") -> AL DÍA | W68: Operativo | X68: OPERACIÓN | Y68: 2
A69: CICLO INICIAL | B69: 1° Piso | C69: K2B | D69: Infraestructura | F69: Puertas | G69: 2013 | H69: 0 | I69: =YEAR(TODAY())-G69 -> 13 | J69: 3 | K69: =IF(J69=1,"Cambiar",IF(J69=2,"Presupuestar",IF(H69=0,"Activo",IF(G69+H69<YEAR(TODAY()),"Cambiar o Inspección externa",IF(G69+H69-1<YEAR(TODAY()),"Presupuestar","Activo"))))) -> Activo | L69: N/A | O69: Madera Vidrio | Q69: 365 | R69: Empresa externa | S69: 46198 | T69: =+S69+Q69 -> 46563 | U69: =T69-TODAY() -> 302 | V69: =IF(U69<0, "VENCIDO", "AL DÍA") -> AL DÍA | W69: Operativo | X69: GENERAL | Y69: 2
A70: CICLO INICIAL | B70: 1° Piso | C70: K2C | D70: Infraestructura | F70: Ventanas | G70: 2013 | H70: 0 | I70: =YEAR(TODAY())-G70 -> 13 | J70: 3 | K70: =IF(J70=1,"Cambiar",IF(J70=2,"Presupuestar",IF(H70=0,"Activo",IF(G70+H70<YEAR(TODAY()),"Cambiar o Inspección externa",IF(G70+H70-1<YEAR(TODAY()),"Presupuestar","Activo"))))) -> Activo | L70: N/A | M70: N/A | N70: N/A | P70: Anual | Q70: 365 | R70: Empresa externa | S70: 46198 | T70: =+S70+Q70 -> 46563 | U70: =T70-TODAY() -> 302 | V70: =IF(U70<0, "VENCIDO", "AL DÍA") -> AL DÍA | W70: Operativo | X70: SEGURIDAD | Y70: 2 | Z70: Distribución primaria de energía; vital para la integridad de la red.
A71: CICLO INICIAL | B71: 1° Piso | C71: K2C | D71: Infraestructura | E71: Climatización | F71: Radiadores | G71: 2013 | H71: 20 | I71: =YEAR(TODAY())-G71 -> 13 | J71: 3 | K71: =IF(J71=1,"Cambiar",IF(J71=2,"Presupuestar",IF(H71=0,"Activo",IF(G71+H71<YEAR(TODAY()),"Cambiar o Inspección externa",IF(G71+H71-1<YEAR(TODAY()),"Presupuestar","Activo"))))) -> Activo | L71: SIN INFORMACIÓN | P71: Anual | Q71: 365 | R71: Operaciones DSV | S71: 46198 | T71: =+S71+Q71 -> 46563 | U71: =T71-TODAY() -> 302 | V71: =IF(U71<0, "VENCIDO", "AL DÍA") -> AL DÍA | W71: Operativo | X71: GENERAL | Y71: 1 | Z71: Emisores de calor (el sistema principal es Operación).
A72: CICLO INICIAL | B72: 1° Piso | C72: K2C | D72: Infraestructura | F72: Piso | G72: 2013 | H72: 0 | I72: =YEAR(TODAY())-G72 -> 13 | J72: 3 | K72: =IF(J72=1,"Cambiar",IF(J72=2,"Presupuestar",IF(H72=0,"Activo",IF(G72+H72<YEAR(TODAY()),"Cambiar o Inspección externa",IF(G72+H72-1<YEAR(TODAY()),"Presupuestar","Activo"))))) -> Activo | L72: N/A | Q72: 365 | R72: Empresa externa | S72: 46198 | T72: =+S72+Q72 -> 46563 | U72: =T72-TODAY() -> 302 | V72: =IF(U72<0, "VENCIDO", "AL DÍA") -> AL DÍA | W72: Operativo | X72: GENERAL | Y72: 2
A73: CICLO INICIAL | B73: 1° Piso | C73: K2C | D73: Infraestructura | F73: Enchufes | G73: 2013 | H73: 0 | I73: =YEAR(TODAY())-G73 -> 13 | J73: 3 | K73: =IF(J73=1,"Cambiar",IF(J73=2,"Presupuestar",IF(H73=0,"Activo",IF(G73+H73<YEAR(TODAY()),"Cambiar o Inspección externa",IF(G73+H73-1<YEAR(TODAY()),"Presupuestar","Activo"))))) -> Activo | L73: N/A | O73: 10 Amperes | Q73: 365 | R73: Empresa externa | S73: 46198 | T73: =+S73+Q73 -> 46563 | U73: =T73-TODAY() -> 302 | V73: =IF(U73<0, "VENCIDO", "AL DÍA") -> AL DÍA | W73: Operativo | X73: GENERAL | Y73: 2
A74: CICLO INICIAL | B74: 1° Piso | C74: K2C | D74: Equipo | F74: TV | G74: 2019 | H74: 15 | I74: =YEAR(TODAY())-G74 -> 7 | J74: 3 | K74: =IF(J74=1,"Cambiar",IF(J74=2,"Presupuestar",IF(H74=0,"Activo",IF(G74+H74<YEAR(TODAY()),"Cambiar o Inspección externa",IF(G74+H74-1<YEAR(TODAY()),"Presupuestar","Activo"))))) -> Activo | O74: 65" | P74: N/A | Q74: 365 | R74: Empresa externa | S74: 46198 | T74: =+S74+Q74 -> 46563 | U74: =T74-TODAY() -> 302 | V74: =IF(U74<0, "VENCIDO", "AL DÍA") -> AL DÍA | W74: Operativo | X74: OPERACIÓN | Y74: 2 | Z74: Profesores la utilizan como herramienta pedagógica (para proyectar diapositivas, videos educativos o conectar computadoras).
A75: CICLO INICIAL | B75: 1° Piso | C75: K2C | D75: Equipo | F75: Pizarra | G75: 2013 | H75: 0 | I75: =YEAR(TODAY())-G75 -> 13 | J75: 3 | K75: =IF(J75=1,"Cambiar",IF(J75=2,"Presupuestar",IF(H75=0,"Activo",IF(G75+H75<YEAR(TODAY()),"Cambiar o Inspección externa",IF(G75+H75-1<YEAR(TODAY()),"Presupuestar","Activo"))))) -> Activo | Q75: 365 | R75: Empresa externa | S75: 46198 | T75: =+S75+Q75 -> 46563 | U75: =T75-TODAY() -> 302 | V75: =IF(U75<0, "VENCIDO", "AL DÍA") -> AL DÍA | W75: Operativo | X75: OPERACIÓN | Y75: 2
A76: CICLO INICIAL | B76: 1° Piso | C76: K2C | D76: Infraestructura | F76: Puertas | G76: 2013 | H76: 0 | I76: =YEAR(TODAY())-G76 -> 13 | J76: 3 | K76: =IF(J76=1,"Cambiar",IF(J76=2,"Presupuestar",IF(H76=0,"Activo",IF(G76+H76<YEAR(TODAY()),"Cambiar o Inspección externa",IF(G76+H76-1<YEAR(TODAY()),"Presupuestar","Activo"))))) -> Activo | L76: N/A | O76: Madera Vidrio | Q76: 365 | R76: Empresa externa | S76: 46198 | T76: =+S76+Q76 -> 46563 | U76: =T76-TODAY() -> 302 | V76: =IF(U76<0, "VENCIDO", "AL DÍA") -> AL DÍA | W76: Operativo | X76: GENERAL | Y76: 2
A77: CICLO INICIAL | B77: 1° Piso | C77: K2D | D77: Infraestructura | F77: Ventanas | G77: 2013 | H77: 0 | I77: =YEAR(TODAY())-G77 -> 13 | J77: 3 | K77: =IF(J77=1,"Cambiar",IF(J77=2,"Presupuestar",IF(H77=0,"Activo",IF(G77+H77<YEAR(TODAY()),"Cambiar o Inspección externa",IF(G77+H77-1<YEAR(TODAY()),"Presupuestar","Activo"))))) -> Activo | L77: N/A | M77: N/A | N77: N/A | P77: Anual | Q77: 365 | R77: Empresa externa | S77: 46198 | T77: =+S77+Q77 -> 46563 | U77: =T77-TODAY() -> 302 | V77: =IF(U77<0, "VENCIDO", "AL DÍA") -> AL DÍA | W77: Operativo | X77: SEGURIDAD | Y77: 2 | Z77: Distribución primaria de energía; vital para la integridad de la red.
A78: CICLO INICIAL | B78: 1° Piso | C78: K2D | D78: Infraestructura | E78: Climatización | F78: Radiadores | G78: 2013 | H78: 20 | I78: =YEAR(TODAY())-G78 -> 13 | J78: 3 | K78: =IF(J78=1,"Cambiar",IF(J78=2,"Presupuestar",IF(H78=0,"Activo",IF(G78+H78<YEAR(TODAY()),"Cambiar o Inspección externa",IF(G78+H78-1<YEAR(TODAY()),"Presupuestar","Activo"))))) -> Activo | L78: SIN INFORMACIÓN | P78: Anual | Q78: 365 | R78: Operaciones DSV | S78: 46198 | T78: =+S78+Q78 -> 46563 | U78: =T78-TODAY() -> 302 | V78: =IF(U78<0, "VENCIDO", "AL DÍA") -> AL DÍA | W78: Operativo | X78: GENERAL | Y78: 1 | Z78: Emisores de calor (el sistema principal es Operación).
A79: CICLO INICIAL | B79: 1° Piso | C79: K2D | D79: Infraestructura | F79: Piso | G79: 2013 | H79: 0 | I79: =YEAR(TODAY())-G79 -> 13 | J79: 3 | K79: =IF(J79=1,"Cambiar",IF(J79=2,"Presupuestar",IF(H79=0,"Activo",IF(G79+H79<YEAR(TODAY()),"Cambiar o Inspección externa",IF(G79+H79-1<YEAR(TODAY()),"Presupuestar","Activo"))))) -> Activo | L79: N/A | Q79: 365 | R79: Empresa externa | S79: 46198 | T79: =+S79+Q79 -> 46563 | U79: =T79-TODAY() -> 302 | V79: =IF(U79<0, "VENCIDO", "AL DÍA") -> AL DÍA | W79: Operativo | X79: GENERAL | Y79: 2
A80: CICLO INICIAL | B80: 1° Piso | C80: K2D | D80: Infraestructura | F80: Enchufes | G80: 2013 | H80: 0 | I80: =YEAR(TODAY())-G80 -> 13 | J80: 3 | K80: =IF(J80=1,"Cambiar",IF(J80=2,"Presupuestar",IF(H80=0,"Activo",IF(G80+H80<YEAR(TODAY()),"Cambiar o Inspección externa",IF(G80+H80-1<YEAR(TODAY()),"Presupuestar","Activo"))))) -> Activo | L80: N/A | O80: 10 Amperes | Q80: 365 | R80: Empresa externa | S80: 46198 | T80: =+S80+Q80 -> 46563 | U80: =T80-TODAY() -> 302 | V80: =IF(U80<0, "VENCIDO", "AL DÍA") -> AL DÍA | W80: Operativo | X80: GENERAL | Y80: 2
A81: CICLO INICIAL | B81: 1° Piso | C81: K2D | D81: Equipo | F81: TV | G81: 2019 | H81: 15 | I81: =YEAR(TODAY())-G81 -> 7 | J81: 3 | K81: =IF(J81=1,"Cambiar",IF(J81=2,"Presupuestar",IF(H81=0,"Activo",IF(G81+H81<YEAR(TODAY()),"Cambiar o Inspección externa",IF(G81+H81-1<YEAR(TODAY()),"Presupuestar","Activo"))))) -> Activo | O81: 65" | P81: N/A | Q81: 365 | R81: Empresa externa | S81: 46198 | T81: =+S81+Q81 -> 46563 | U81: =T81-TODAY() -> 302 | V81: =IF(U81<0, "VENCIDO", "AL DÍA") -> AL DÍA | W81: Operativo | X81: OPERACIÓN | Y81: 2 | Z81: Profesores la utilizan como herramienta pedagógica (para proyectar diapositivas, videos educativos o conectar computadoras).
A82: CICLO INICIAL | B82: 1° Piso | C82: K2D | D82: Equipo | F82: Pizarra | G82: 2013 | H82: 0 | I82: =YEAR(TODAY())-G82 -> 13 | J82: 3 | K82: =IF(J82=1,"Cambiar",IF(J82=2,"Presupuestar",IF(H82=0,"Activo",IF(G82+H82<YEAR(TODAY()),"Cambiar o Inspección externa",IF(G82+H82-1<YEAR(TODAY()),"Presupuestar","Activo"))))) -> Activo | Q82: 365 | R82: Empresa externa | S82: 46198 | T82: =+S82+Q82 -> 46563 | U82: =T82-TODAY() -> 302 | V82: =IF(U82<0, "VENCIDO", "AL DÍA") -> AL DÍA | W82: Operativo | X82: OPERACIÓN | Y82: 2
A83: CICLO INICIAL | B83: 1° Piso | C83: K2D | D83: Infraestructura | F83: Puertas | G83: 2013 | H83: 0 | I83: =YEAR(TODAY())-G83 -> 13 | J83: 3 | K83: =IF(J83=1,"Cambiar",IF(J83=2,"Presupuestar",IF(H83=0,"Activo",IF(G83+H83<YEAR(TODAY()),"Cambiar o Inspección externa",IF(G83+H83-1<YEAR(TODAY()),"Presupuestar","Activo"))))) -> Activo | L83: N/A | O83: Madera Vidrio | Q83: 365 | R83: Empresa externa | S83: 46198 | T83: =+S83+Q83 -> 46563 | U83: =T83-TODAY() -> 302 | V83: =IF(U83<0, "VENCIDO", "AL DÍA") -> AL DÍA | W83: Operativo | X83: GENERAL | Y83: 2
A84: CICLO INICIAL | B84: 1° Piso | C84: S17 | D84: Infraestructura | F84: Ventanas | G84: 2013 | H84: 0 | I84: =YEAR(TODAY())-G84 -> 13 | J84: 3 | K84: =IF(J84=1,"Cambiar",IF(J84=2,"Presupuestar",IF(H84=0,"Activo",IF(G84+H84<YEAR(TODAY()),"Cambiar o Inspección externa",IF(G84+H84-1<YEAR(TODAY()),"Presupuestar","Activo"))))) -> Activo | L84: N/A | M84: N/A | N84: N/A | P84: Anual | Q84: 365 | R84: Empresa externa | S84: 46198 | T84: =+S84+Q84 -> 46563 | U84: =T84-TODAY() -> 302 | V84: =IF(U84<0, "VENCIDO", "AL DÍA") -> AL DÍA | W84: Operativo | X84: SEGURIDAD | Y84: 2 | Z84: Distribución primaria de energía; vital para la integridad de la red.
A85: CICLO INICIAL | B85: 1° Piso | C85: S17 | D85: Infraestructura | E85: Climatización | F85: Radiadores | G85: 2013 | H85: 20 | I85: =YEAR(TODAY())-G85 -> 13 | J85: 3 | K85: =IF(J85=1,"Cambiar",IF(J85=2,"Presupuestar",IF(H85=0,"Activo",IF(G85+H85<YEAR(TODAY()),"Cambiar o Inspección externa",IF(G85+H85-1<YEAR(TODAY()),"Presupuestar","Activo"))))) -> Activo | L85: SIN INFORMACIÓN | P85: Anual | Q85: 365 | R85: Operaciones DSV | S85: 46198 | T85: =+S85+Q85 -> 46563 | U85: =T85-TODAY() -> 302 | V85: =IF(U85<0, "VENCIDO", "AL DÍA") -> AL DÍA | W85: Operativo | X85: GENERAL | Y85: 1 | Z85: Emisores de calor (el sistema principal es Operación).
A86: CICLO INICIAL | B86: 1° Piso | C86: S17 | D86: Infraestructura | F86: Piso | G86: 2013 | H86: 0 | I86: =YEAR(TODAY())-G86 -> 13 | J86: 3 | K86: =IF(J86=1,"Cambiar",IF(J86=2,"Presupuestar",IF(H86=0,"Activo",IF(G86+H86<YEAR(TODAY()),"Cambiar o Inspección externa",IF(G86+H86-1<YEAR(TODAY()),"Presupuestar","Activo"))))) -> Activo | L86: N/A | Q86: 365 | R86: Empresa externa | S86: 46198 | T86: =+S86+Q86 -> 46563 | U86: =T86-TODAY() -> 302 | V86: =IF(U86<0, "VENCIDO", "AL DÍA") -> AL DÍA | W86: Operativo | X86: GENERAL | Y86: 2
A87: CICLO INICIAL | B87: 1° Piso | C87: S17 | D87: Infraestructura | F87: Enchufes | G87: 2013 | H87: 0 | I87: =YEAR(TODAY())-G87 -> 13 | J87: 3 | K87: =IF(J87=1,"Cambiar",IF(J87=2,"Presupuestar",IF(H87=0,"Activo",IF(G87+H87<YEAR(TODAY()),"Cambiar o Inspección externa",IF(G87+H87-1<YEAR(TODAY()),"Presupuestar","Activo"))))) -> Activo | L87: N/A | O87: 10 Amperes | Q87: 365 | R87: Empresa externa | S87: 46198 | T87: =+S87+Q87 -> 46563 | U87: =T87-TODAY() -> 302 | V87: =IF(U87<0, "VENCIDO", "AL DÍA") -> AL DÍA | W87: Operativo | X87: GENERAL | Y87: 2
A88: CICLO INICIAL | B88: 1° Piso | C88: S17 | D88: Equipo | F88: TV | G88: 2019 | H88: 15 | I88: =YEAR(TODAY())-G88 -> 7 | J88: 3 | K88: =IF(J88=1,"Cambiar",IF(J88=2,"Presupuestar",IF(H88=0,"Activo",IF(G88+H88<YEAR(TODAY()),"Cambiar o Inspección externa",IF(G88+H88-1<YEAR(TODAY()),"Presupuestar","Activo"))))) -> Activo | O88: 65" | P88: N/A | Q88: 365 | R88: Empresa externa | S88: 46198 | T88: =+S88+Q88 -> 46563 | U88: =T88-TODAY() -> 302 | V88: =IF(U88<0, "VENCIDO", "AL DÍA") -> AL DÍA | W88: Operativo | X88: OPERACIÓN | Y88: 2 | Z88: Profesores la utilizan como herramienta pedagógica (para proyectar diapositivas, videos educativos o conectar computadoras).
A89: CICLO INICIAL | B89: 1° Piso | C89: S17 | D89: Equipo | F89: Pizarra | G89: 2013 | H89: 0 | I89: =YEAR(TODAY())-G89 -> 13 | J89: 3 | K89: =IF(J89=1,"Cambiar",IF(J89=2,"Presupuestar",IF(H89=0,"Activo",IF(G89+H89<YEAR(TODAY()),"Cambiar o Inspección externa",IF(G89+H89-1<YEAR(TODAY()),"Presupuestar","Activo"))))) -> Activo | Q89: 365 | R89: Empresa externa | S89: 46198 | T89: =+S89+Q89 -> 46563 | U89: =T89-TODAY() -> 302 | V89: =IF(U89<0, "VENCIDO", "AL DÍA") -> AL DÍA | W89: Operativo | X89: OPERACIÓN | Y89: 2
A90: CICLO INICIAL | B90: 1° Piso | C90: S17 | D90: Infraestructura | F90: Puertas | G90: 2013 | H90: 0 | I90: =YEAR(TODAY())-G90 -> 13 | J90: 3 | K90: =IF(J90=1,"Cambiar",IF(J90=2,"Presupuestar",IF(H90=0,"Activo",IF(G90+H90<YEAR(TODAY()),"Cambiar o Inspección externa",IF(G90+H90-1<YEAR(TODAY()),"Presupuestar","Activo"))))) -> Activo | L90: N/A | O90: Madera Vidrio | Q90: 365 | R90: Empresa externa | S90: 46198 | T90: =+S90+Q90 -> 46563 | U90: =T90-TODAY() -> 302 | V90: =IF(U90<0, "VENCIDO", "AL DÍA") -> AL DÍA | W90: Operativo | X90: GENERAL | Y90: 2
A91: CICLO INICIAL | B91: 1° Piso | C91: S18 | D91: Infraestructura | F91: Ventanas | G91: 2013 | H91: 0 | I91: =YEAR(TODAY())-G91 -> 13 | J91: 3 | K91: =IF(J91=1,"Cambiar",IF(J91=2,"Presupuestar",IF(H91=0,"Activo",IF(G91+H91<YEAR(TODAY()),"Cambiar o Inspección externa",IF(G91+H91-1<YEAR(TODAY()),"Presupuestar","Activo"))))) -> Activo | L91: N/A | M91: N/A | N91: N/A | P91: Anual | Q91: 365 | R91: Empresa externa | S91: 46198 | T91: =+S91+Q91 -> 46563 | U91: =T91-TODAY() -> 302 | V91: =IF(U91<0, "VENCIDO", "AL DÍA") -> AL DÍA | W91: Operativo | X91: SEGURIDAD | Y91: 2 | Z91: Distribución primaria de energía; vital para la integridad de la red.
A92: CICLO INICIAL | B92: 1° Piso | C92: S18 | D92: Infraestructura | E92: Climatización | F92: Radiadores | G92: 2013 | H92: 20 | I92: =YEAR(TODAY())-G92 -> 13 | J92: 3 | K92: =IF(J92=1,"Cambiar",IF(J92=2,"Presupuestar",IF(H92=0,"Activo",IF(G92+H92<YEAR(TODAY()),"Cambiar o Inspección externa",IF(G92+H92-1<YEAR(TODAY()),"Presupuestar","Activo"))))) -> Activo | L92: SIN INFORMACIÓN | P92: Anual | Q92: 365 | R92: Operaciones DSV | S92: 46198 | T92: =+S92+Q92 -> 46563 | U92: =T92-TODAY() -> 302 | V92: =IF(U92<0, "VENCIDO", "AL DÍA") -> AL DÍA | W92: Operativo | X92: GENERAL | Y92: 1 | Z92: Emisores de calor (el sistema principal es Operación).
A93: CICLO INICIAL | B93: 1° Piso | C93: S18 | D93: Infraestructura | F93: Piso | G93: 2013 | H93: 0 | I93: =YEAR(TODAY())-G93 -> 13 | J93: 3 | K93: =IF(J93=1,"Cambiar",IF(J93=2,"Presupuestar",IF(H93=0,"Activo",IF(G93+H93<YEAR(TODAY()),"Cambiar o Inspección externa",IF(G93+H93-1<YEAR(TODAY()),"Presupuestar","Activo"))))) -> Activo | L93: N/A | Q93: 365 | R93: Empresa externa | S93: 46198 | T93: =+S93+Q93 -> 46563 | U93: =T93-TODAY() -> 302 | V93: =IF(U93<0, "VENCIDO", "AL DÍA") -> AL DÍA | W93: Operativo | X93: GENERAL | Y93: 2
A94: CICLO INICIAL | B94: 1° Piso | C94: S18 | D94: Infraestructura | F94: Enchufes | G94: 2013 | H94: 0 | I94: =YEAR(TODAY())-G94 -> 13 | J94: 3 | K94: =IF(J94=1,"Cambiar",IF(J94=2,"Presupuestar",IF(H94=0,"Activo",IF(G94+H94<YEAR(TODAY()),"Cambiar o Inspección externa",IF(G94+H94-1<YEAR(TODAY()),"Presupuestar","Activo"))))) -> Activo | L94: N/A | O94: 10 Amperes | Q94: 365 | R94: Empresa externa | S94: 46198 | T94: =+S94+Q94 -> 46563 | U94: =T94-TODAY() -> 302 | V94: =IF(U94<0, "VENCIDO", "AL DÍA") -> AL DÍA | W94: Operativo | X94: GENERAL | Y94: 2
A95: CICLO INICIAL | B95: 1° Piso | C95: S18 | D95: Equipo | F95: TV | G95: 2019 | H95: 15 | I95: =YEAR(TODAY())-G95 -> 7 | J95: 3 | K95: =IF(J95=1,"Cambiar",IF(J95=2,"Presupuestar",IF(H95=0,"Activo",IF(G95+H95<YEAR(TODAY()),"Cambiar o Inspección externa",IF(G95+H95-1<YEAR(TODAY()),"Presupuestar","Activo"))))) -> Activo | O95: 65" | P95: N/A | Q95: 365 | R95: Empresa externa | S95: 46198 | T95: =+S95+Q95 -> 46563 | U95: =T95-TODAY() -> 302 | V95: =IF(U95<0, "VENCIDO", "AL DÍA") -> AL DÍA | W95: Operativo | X95: OPERACIÓN | Y95: 2 | Z95: Profesores la utilizan como herramienta pedagógica (para proyectar diapositivas, videos educativos o conectar computadoras).
A96: CICLO INICIAL | B96: 1° Piso | C96: S18 | D96: Equipo | F96: Pizarra | G96: 2013 | H96: 0 | I96: =YEAR(TODAY())-G96 -> 13 | J96: 3 | K96: =IF(J96=1,"Cambiar",IF(J96=2,"Presupuestar",IF(H96=0,"Activo",IF(G96+H96<YEAR(TODAY()),"Cambiar o Inspección externa",IF(G96+H96-1<YEAR(TODAY()),"Presupuestar","Activo"))))) -> Activo | Q96: 365 | R96: Empresa externa | S96: 46198 | T96: =+S96+Q96 -> 46563 | U96: =T96-TODAY() -> 302 | V96: =IF(U96<0, "VENCIDO", "AL DÍA") -> AL DÍA | W96: Operativo | X96: OPERACIÓN | Y96: 2
A97: CICLO INICIAL | B97: 1° Piso | C97: S18 | D97: Infraestructura | F97: Puertas | G97: 2013 | H97: 0 | I97: =YEAR(TODAY())-G97 -> 13 | J97: 3 | K97: =IF(J97=1,"Cambiar",IF(J97=2,"Presupuestar",IF(H97=0,"Activo",IF(G97+H97<YEAR(TODAY()),"Cambiar o Inspección externa",IF(G97+H97-1<YEAR(TODAY()),"Presupuestar","Activo"))))) -> Activo | L97: N/A | O97: Madera Vidrio | Q97: 365 | R97: Empresa externa | S97: 46198 | T97: =+S97+Q97 -> 46563 | U97: =T97-TODAY() -> 302 | V97: =IF(U97<0, "VENCIDO", "AL DÍA") -> AL DÍA | W97: Operativo | X97: GENERAL | Y97: 2
A98: CICLO INICIAL | B98: 1° Piso | C98: COCINA | D98: Infraestructura | F98: Ventanas | G98: 2013 | H98: 0 | I98: =YEAR(TODAY())-G98 -> 13 | J98: 3 | K98: =IF(J98=1,"Cambiar",IF(J98=2,"Presupuestar",IF(H98=0,"Activo",IF(G98+H98<YEAR(TODAY()),"Cambiar o Inspección externa",IF(G98+H98-1<YEAR(TODAY()),"Presupuestar","Activo"))))) -> Activo | L98: N/A | M98: N/A | N98: N/A | P98: Anual | Q98: 365 | R98: Empresa externa | S98: 46198 | T98: =+S98+Q98 -> 46563 | U98: =T98-TODAY() -> 302 | V98: =IF(U98<0, "VENCIDO", "AL DÍA") -> AL DÍA | W98: Operativo | X98: SEGURIDAD | Y98: 2 | Z98: Distribución primaria de energía; vital para la integridad de la red.
A99: CICLO INICIAL | B99: 1° Piso | C99: COCINA | D99: Infraestructura | E99: Climatización | F99: Radiadores | G99: 2013 | H99: 20 | I99: =YEAR(TODAY())-G99 -> 13 | J99: 3 | K99: =IF(J99=1,"Cambiar",IF(J99=2,"Presupuestar",IF(H99=0,"Activo",IF(G99+H99<YEAR(TODAY()),"Cambiar o Inspección externa",IF(G99+H99-1<YEAR(TODAY()),"Presupuestar","Activo"))))) -> Activo | L99: SIN INFORMACIÓN | P99: Anual | Q99: 365 | R99: Operaciones DSV | S99: 46198 | T99: =+S99+Q99 -> 46563 | U99: =T99-TODAY() -> 302 | V99: =IF(U99<0, "VENCIDO", "AL DÍA") -> AL DÍA | W99: Operativo | X99: GENERAL | Y99: 1 | Z99: Emisores de calor (el sistema principal es Operación).
A100: CICLO INICIAL | B100: 1° Piso | C100: COCINA | D100: Infraestructura | F100: Piso | G100: 2013 | H100: 0 | I100: =YEAR(TODAY())-G100 -> 13 | J100: 3 | K100: =IF(J100=1,"Cambiar",IF(J100=2,"Presupuestar",IF(H100=0,"Activo",IF(G100+H100<YEAR(TODAY()),"Cambiar o Inspección externa",IF(G100+H100-1<YEAR(TODAY()),"Presupuestar","Activo"))))) -> Activo | L100: N/A | Q100: 365 | R100: Empresa externa | S100: 46198 | T100: =+S100+Q100 -> 46563 | U100: =T100-TODAY() -> 302 | V100: =IF(U100<0, "VENCIDO", "AL DÍA") -> AL DÍA | W100: Operativo | X100: GENERAL | Y100: 2
...

Sheet Gantt 2026-2027
A1: =AND($K3>=M$2, $K3<=EOMONTH(M$2,0)) -> FALSE
A2: Edificio | B2: Área / Nivel | C2: Espacio | D2: Tipo de Equipo | E2: Cambio | F2: Estado Mantención | G2: Clasificación | H2: Prioridad | I2: Fecha de Último Mantenimiento | J2: Fecha de Próximo Mantenimiento | K2: Fecha Gantt | L2: Presupuesto 2026 | M2: 46143 | N2: =EDATE(M2,1) -> 46174 | O2: =EDATE(N2,1) -> 46204 | P2: =EDATE(O2,1) -> 46235 | Q2: =EDATE(P2,1) -> 46266 | R2: =EDATE(Q2,1) -> 46296 | S2: =EDATE(R2,1) -> 46327 | T2: =EDATE(S2,1) -> 46357 | U2: =EDATE(T2,1) -> 46388 | ... AW2: =EDATE(AV2,1) -> 47239
A3: =+'Maestro infraestructura'!A2 -> CASINO | B3: =+'Maestro infraestructura'!B2 -> 1° Piso | C3: =+'Maestro infraestructura'!C2 -> Pasillo trasero | D3: =+'Maestro infraestructura'!F2 -> Calefont | E3: =+'Maestro infraestructura'!K2 -> Activo | F3: =+'Maestro infraestructura'!V2 -> AL DÍA | G3: =+'Maestro infraestructura'!X2 -> OPERACIÓN | H3: =+'Maestro infraestructura'!Y2 -> 2 | J3: =+'Maestro infraestructura'!T2 -> 46511 | K3: =IF(E3="Cambiar o Inspección externa",1/1/2027,IF(E3="cambiar",1/1/2027,J3)) -> 46511
A4: =+'Maestro infraestructura'!A3 -> CASINO | B4: =+'Maestro infraestructura'!B3 -> 1° Piso | C4: =+'Maestro infraestructura'!C3 -> Acceso a Casino | D4: =+'Maestro infraestructura'!F3 -> Terraza metálica y madera | E4: =+'Maestro infraestructura'!K3 -> Activo | F4: =+'Maestro infraestructura'!V3 -> AL DÍA | G4: =+'Maestro infraestructura'!X3 -> GENERAL | H4: =+'Maestro infraestructura'!Y3 -> 1 | I4: =+'Maestro infraestructura'!S3 -> 46073 | J4: =+'Maestro infraestructura'!T3 -> 46438 | K4: =IF(E4="Cambiar o Inspección externa",1/1/2027,IF(E4="cambiar",1/1/2027,J4)) -> 46438
A5: =+'Maestro infraestructura'!A4 -> CASINO | B5: =+'Maestro infraestructura'!B4 -> 1° Piso | C5: =+'Maestro infraestructura'!C4 -> Acceso a Casino | D5: =+'Maestro infraestructura'!F4 -> Tablero eléctrico principal | E5: =+'Maestro infraestructura'!K4 -> Activo | F5: =+'Maestro infraestructura'!V4 -> AL DÍA | G5: =+'Maestro infraestructura'!X4 -> SEGURIDAD | H5: =+'Maestro infraestructura'!Y4 -> 1 | I5: =+'Maestro infraestructura'!S4 -> 46037 | J5: =+'Maestro infraestructura'!T4 -> 46402 | K5: =IF(E5="Cambiar o Inspección externa",1/1/2027,IF(E5="cambiar",1/1/2027,J5)) -> 46402
A6: =+'Maestro infraestructura'!A5 -> CASINO | B6: =+'Maestro infraestructura'!B5 -> 1° Piso | C6: =+'Maestro infraestructura'!C5 -> Cafetería | D6: =+'Maestro infraestructura'!F5 -> Tablero eléctrico secundario | E6: =+'Maestro infraestructura'!K5 -> Activo | F6: =+'Maestro infraestructura'!V5 -> AL DÍA | G6: =+'Maestro infraestructura'!X5 -> OPERACIÓN | H6: =+'Maestro infraestructura'!Y5 -> 2 | J6: =+'Maestro infraestructura'!T5 -> 46402 | K6: =IF(E6="Cambiar o Inspección externa",1/1/2027,IF(E6="cambiar",1/1/2027,J6)) -> 46402
A7: =+'Maestro infraestructura'!A6 -> CASINO | B7: =+'Maestro infraestructura'!B6 -> 1° Piso | C7: =+'Maestro infraestructura'!C6 -> 1° Piso | D7: =+'Maestro infraestructura'!F6 -> Pintura de paredes interior | E7: =+'Maestro infraestructura'!K6 -> Activo | F7: =+'Maestro infraestructura'!V6 -> AL DÍA | G7: =+'Maestro infraestructura'!X6 -> GENERAL | H7: =+'Maestro infraestructura'!Y6 -> 3 | J7: =+'Maestro infraestructura'!T6 -> 46570 | K7: =IF(E7="Cambiar o Inspección externa",1/1/2027,IF(E7="cambiar",1/1/2027,J7)) -> 46570
A8: =+'Maestro infraestructura'!A7 -> CASINO | B8: =+'Maestro infraestructura'!B7 -> 1° Piso | C8: =+'Maestro infraestructura'!C7 -> 1° Piso | D8: =+'Maestro infraestructura'!F7 -> Pintura fachadas | E8: =+'Maestro infraestructura'!K7 -> Activo | F8: =+'Maestro infraestructura'!V7 -> AL DÍA | G8: =+'Maestro infraestructura'!X7 -> GENERAL | H8: =+'Maestro infraestructura'!Y7 -> 1 | I8: =+'Maestro infraestructura'!S7 -> 45301 | J8: =+'Maestro infraestructura'!T7 -> 47126 | K8: =IF(E8="Cambiar o Inspección externa",1/1/2027,IF(E8="cambiar",1/1/2027,J8)) -> 47126
A9: =+'Maestro infraestructura'!A8 -> CASINO | B9: =+'Maestro infraestructura'!B8 -> 1° Piso | C9: =+'Maestro infraestructura'!C8 -> Edificio | D9: =+'Maestro infraestructura'!F8 -> Techumbre Casino | E9: =+'Maestro infraestructura'!K8 -> Cambiar o Inspección externa | F9: =+'Maestro infraestructura'!V8 -> AL DÍA | G9: =+'Maestro infraestructura'!X8 -> SEGURIDAD | H9: =+'Maestro infraestructura'!Y8 -> 1 | I9: =+'Maestro infraestructura'!S8 -> 45672 | J9: =+'Maestro infraestructura'!T8 -> 46949.5 | K9: =IF(E9="Cambiar o Inspección externa",1/1/2027,IF(E9="cambiar",1/1/2027,J9)) -> 0.00049333991 | L9: No
A10: =+'Maestro infraestructura'!A9 -> CASINO | B10: =+'Maestro infraestructura'!B9 -> 1° Piso | C10: =+'Maestro infraestructura'!C9 -> Cocina | D10: =+'Maestro infraestructura'!F9 -> Horno Industrial doble cámara | E10: =+'Maestro infraestructura'!K9 -> Activo | F10: =+'Maestro infraestructura'!V9 -> AL DÍA | G10: =+'Maestro infraestructura'!X9 -> OPERACIÓN | H10: =+'Maestro infraestructura'!Y9 -> 2 | J10: =+'Maestro infraestructura'!T9 -> 46522 | K10: =IF(E10="Cambiar o Inspección externa",1/1/2027,IF(E10="cambiar",1/1/2027,J10)) -> 46522
A11: =+'Maestro infraestructura'!A10 -> CASINO | B11: =+'Maestro infraestructura'!B10 -> 1° Piso | C11: =+'Maestro infraestructura'!C10 -> Cocina | D11: =+'Maestro infraestructura'!F10 -> Cocina Industrial 1 | E11: =+'Maestro infraestructura'!K10 -> Activo | F11: =+'Maestro infraestructura'!V10 -> AL DÍA | G11: =+'Maestro infraestructura'!X10 -> OPERACIÓN | H11: =+'Maestro infraestructura'!Y10 -> 2 | I11: =+'Maestro infraestructura'!S10 -> 46157 | J11: =+'Maestro infraestructura'!T10 -> 46522 | K11: =IF(E11="Cambiar o Inspección externa",1/1/2027,IF(E11="cambiar",1/1/2027,J11)) -> 46522
A12: =+'Maestro infraestructura'!A11 -> CASINO | B12: =+'Maestro infraestructura'!B11 -> 1° Piso | C12: =+'Maestro infraestructura'!C11 -> Cocina | D12: =+'Maestro infraestructura'!F11 -> Cocina Industrial 2 | E12: =+'Maestro infraestructura'!K11 -> Activo | F12: =+'Maestro infraestructura'!V11 -> AL DÍA | G12: =+'Maestro infraestructura'!X11 -> OPERACIÓN | H12: =+'Maestro infraestructura'!Y11 -> 2 | J12: =+'Maestro infraestructura'!T11 -> 46522 | K12: =IF(E12="Cambiar o Inspección externa",1/1/2027,IF(E12="cambiar",1/1/2027,J12)) -> 46522
A13: =+'Maestro infraestructura'!A12 -> CASINO | B13: =+'Maestro infraestructura'!B12 -> 1° Piso | C13: =+'Maestro infraestructura'!C12 -> Cocina | D13: =+'Maestro infraestructura'!F12 -> Campana de extracción | E13: =+'Maestro infraestructura'!K12 -> Activo | F13: =+'Maestro infraestructura'!V12 -> AL DÍA | G13: =+'Maestro infraestructura'!X12 -> OPERACIÓN | H13: =+'Maestro infraestructura'!Y12 -> 2 | J13: =+'Maestro infraestructura'!T12 -> 46522 | K13: =IF(E13="Cambiar o Inspección externa",1/1/2027,IF(E13="cambiar",1/1/2027,J13)) -> 46522
A14: =+'Maestro infraestructura'!A13 -> CASINO | B14: =+'Maestro infraestructura'!B13 -> Piso zócalo | C14: =+'Maestro infraestructura'!C13 -> Werken 1 | D14: =+'Maestro infraestructura'!F13 -> Tablero eléctrico secundario | E14: =+'Maestro infraestructura'!K13 -> Activo | F14: =+'Maestro infraestructura'!V13 -> AL DÍA | G14: =+'Maestro infraestructura'!X13 -> OPERACIÓN | H14: =+'Maestro infraestructura'!Y13 -> 2 | J14: =+'Maestro infraestructura'!T13 -> 46402 | K14: =IF(E14="Cambiar o Inspección externa",1/1/2027,IF(E14="cambiar",1/1/2027,J14)) -> 46402
A15: =+'Maestro infraestructura'!A14 -> CASINO | B15: =+'Maestro infraestructura'!B14 -> Piso zócalo | C15: =+'Maestro infraestructura'!C14 -> Zócalo | D15: =+'Maestro infraestructura'!F14 -> Camarín Hombre | E15: =+'Maestro infraestructura'!K14 -> Activo | F15: =+'Maestro infraestructura'!V14 -> VENCIDO | G15: =+'Maestro infraestructura'!X14 -> LEGAL | H15: =+'Maestro infraestructura'!Y14 -> 1 | I15: =+'Maestro infraestructura'!S14 -> 46228 | J15: =+'Maestro infraestructura'!T14 -> 46258 | K15: =IF(E15="Cambiar o Inspección externa",1/1/2027,IF(E15="cambiar",1/1/2027,J15)) -> 46258 | L15: Sí
A16: =+'Maestro infraestructura'!A15 -> CASINO | B16: =+'Maestro infraestructura'!B15 -> Piso zócalo | C16: =+'Maestro infraestructura'!C15 -> Zócalo | D16: =+'Maestro infraestructura'!F15 -> Camarín Mujeres | E16: =+'Maestro infraestructura'!K15 -> Activo | F16: =+'Maestro infraestructura'!V15 -> VENCIDO | G16: =+'Maestro infraestructura'!X15 -> LEGAL | H16: =+'Maestro infraestructura'!Y15 -> 1 | I16: =+'Maestro infraestructura'!S15 -> 46228 | J16: =+'Maestro infraestructura'!T15 -> 46258 | K16: =IF(E16="Cambiar o Inspección externa",1/1/2027,IF(E16="cambiar",1/1/2027,J16)) -> 46258 | L16: Sí
A17: =+'Maestro infraestructura'!A16 -> CICLO INICIAL | B17: =+'Maestro infraestructura'!B16 -> 1° Piso | C17: =+'Maestro infraestructura'!C16 -> Sala caldera NB | D17: =+'Maestro infraestructura'!F16 -> Caldera | E17: =+'Maestro infraestructura'!K16 -> Activo | F17: =+'Maestro infraestructura'!V16 -> AL DÍA | G17: =+'Maestro infraestructura'!X16 -> OPERACIÓN | H17: =+'Maestro infraestructura'!Y16 -> 1 | I17: =+'Maestro infraestructura'!S16 -> 46198 | J17: =+'Maestro infraestructura'!T16 -> 46563 | K17: =IF(E17="Cambiar o Inspección externa",1/1/2027,IF(E17="cambiar",1/1/2027,J17)) -> 46563
A18: =+'Maestro infraestructura'!A17 -> CICLO INICIAL | B18: =+'Maestro infraestructura'!B17 -> 1° Piso | C18: =+'Maestro infraestructura'!C17 -> 0 | D18: =+'Maestro infraestructura'!F17 -> Radiadores | E18: =+'Maestro infraestructura'!K17 -> Activo | F18: =+'Maestro infraestructura'!V17 -> AL DÍA | G18: =+'Maestro infraestructura'!X17 -> GENERAL | H18: =+'Maestro infraestructura'!Y17 -> 1 | I18: =+'Maestro infraestructura'!S17 -> 46198 | J18: =+'Maestro infraestructura'!T17 -> 46563 | K18: =IF(E18="Cambiar o Inspección externa",1/1/2027,IF(E18="cambiar",1/1/2027,J18)) -> 46563
A19: =+'Maestro infraestructura'!A18 -> CICLO INICIAL | B19: =+'Maestro infraestructura'!B18 -> 1° Piso | C19: =+'Maestro infraestructura'!C18 -> Patio principal | D19: =+'Maestro infraestructura'!F18 -> Techumbre metálica patio central CI | E19: =+'Maestro infraestructura'!K18 -> Activo | F19: =+'Maestro infraestructura'!V18 -> AL DÍA | G19: =+'Maestro infraestructura'!X18 -> SEGURIDAD | H19: =+'Maestro infraestructura'!Y18 -> 1 | I19: =+'Maestro infraestructura'!S18 -> 46198 | J19: =+'Maestro infraestructura'!T18 -> 47475.5 | K19: =IF(E19="Cambiar o Inspección externa",1/1/2027,IF(E19="cambiar",1/1/2027,J19)) -> 47475.5
A20: =+'Maestro infraestructura'!A19 -> CICLO INICIAL | B20: =+'Maestro infraestructura'!B19 -> 1° Piso | C20: =+'Maestro infraestructura'!C19 -> Estac. Subterráneo | D20: =+'Maestro infraestructura'!F19 -> Tablero eléctrico principal | E20: =+'Maestro infraestructura'!K19 -> Activo | F20: =+'Maestro infraestructura'!V19 -> AL DÍA | G20: =+'Maestro infraestructura'!X19 -> SEGURIDAD | H20: =+'Maestro infraestructura'!Y19 -> 1 | I20: =+'Maestro infraestructura'!S19 -> 46198 | J20: =+'Maestro infraestructura'!T19 -> 46563 | K20: =IF(E20="Cambiar o Inspección externa",1/1/2027,IF(E20="cambiar",1/1/2027,J20)) -> 46563
A21: =+'Maestro infraestructura'!A20 -> CICLO INICIAL | B21: =+'Maestro infraestructura'!B20 -> 1° Piso | C21: =+'Maestro infraestructura'!C20 -> Patio de Juegos | D21: =+'Maestro infraestructura'!F20 -> Tablero eléctrico de derivación | E21: =+'Maestro infraestructura'!K20 -> Activo | F21: =+'Maestro infraestructura'!V20 -> AL DÍA | G21: =+'Maestro infraestructura'!X20 -> SEGURIDAD | H21: =+'Maestro infraestructura'!Y20 -> 1 | I21: =+'Maestro infraestructura'!S20 -> 46198 | J21: =+'Maestro infraestructura'!T20 -> 46563 | K21: =IF(E21="Cambiar o Inspección externa",1/1/2027,IF(E21="cambiar",1/1/2027,J21)) -> 46563
A22: =+'Maestro infraestructura'!A21 -> CICLO INICIAL | B22: =+'Maestro infraestructura'!B21 -> 1° Piso | C22: =+'Maestro infraestructura'!C21 -> 1° Piso | D22: =+'Maestro infraestructura'!F21 -> Baño adultos funcionarios | E22: =+'Maestro infraestructura'!K21 -> Activo | F22: =+'Maestro infraestructura'!V21 -> VENCIDO | G22: =+'Maestro infraestructura'!X21 -> LEGAL | H22: =+'Maestro infraestructura'!Y21 -> 1 | I22: =+'Maestro infraestructura'!S21 -> 46228 | J22: =+'Maestro infraestructura'!T21 -> 46258 | K22: =IF(E22="Cambiar o Inspección externa",1/1/2027,IF(E22="cambiar",1/1/2027,J22)) -> 46258 | L22: Sí
A23: =+'Maestro infraestructura'!A22 -> CICLO INICIAL | B23: =+'Maestro infraestructura'!B22 -> 1° Piso | C23: =+'Maestro infraestructura'!C22 -> 1° Piso | D23: =+'Maestro infraestructura'!F22 -> Baño discapacitado | E23: =+'Maestro infraestructura'!K22 -> Activo | F23: =+'Maestro infraestructura'!V22 -> VENCIDO | G23: =+'Maestro infraestructura'!X22 -> LEGAL | H23: =+'Maestro infraestructura'!Y22 -> 1 | I23: =+'Maestro infraestructura'!S22 -> 46228 | J23: =+'Maestro infraestructura'!T22 -> 46258 | K23: =IF(E23="Cambiar o Inspección externa",1/1/2027,IF(E23="cambiar",1/1/2027,J23)) -> 46258 | L23: Sí
A24: =+'Maestro infraestructura'!A23 -> CICLO INICIAL | B24: =+'Maestro infraestructura'!B23 -> 1° Piso | C24: =+'Maestro infraestructura'!C23 -> 1° Piso | D24: =+'Maestro infraestructura'!F23 -> Baño alumnos varones | E24: =+'Maestro infraestructura'!K23 -> Activo | F24: =+'Maestro infraestructura'!V23 -> VENCIDO | G24: =+'Maestro infraestructura'!X23 -> LEGAL | H24: =+'Maestro infraestructura'!Y23 -> 2 | J24: =+'Maestro infraestructura'!T23 -> 46258 | K24: =IF(E24="Cambiar o Inspección externa",1/1/2027,IF(E24="cambiar",1/1/2027,J24)) -> 46258 | L24: Sí
A25: =+'Maestro infraestructura'!A24 -> CICLO INICIAL | B25: =+'Maestro infraestructura'!B24 -> 1° Piso | C25: =+'Maestro infraestructura'!C24 -> 1° Piso | D25: =+'Maestro infraestructura'!F24 -> Baño alumnos mujeres | E25: =+'Maestro infraestructura'!K24 -> Activo | F25: =+'Maestro infraestructura'!V24 -> VENCIDO | G25: =+'Maestro infraestructura'!X24 -> LEGAL | H25: =+'Maestro infraestructura'!Y24 -> 2 | J25: =+'Maestro infraestructura'!T24 -> 46258 | K25: =IF(E25="Cambiar o Inspección externa",1/1/2027,IF(E25="cambiar",1/1/2027,J25)) -> 46258 | L25: Sí
A26: =+'Maestro infraestructura'!A25 -> CICLO INICIAL | B26: =+'Maestro infraestructura'!B25 -> 1° Piso | C26: =+'Maestro infraestructura'!C25 -> 1° Piso | D26: =+'Maestro infraestructura'!F25 -> Pintura de paredes interior | E26: =+'Maestro infraestructura'!K25 -> Activo | F26: =+'Maestro infraestructura'!V25 -> AL DÍA | G26: =+'Maestro infraestructura'!X25 -> GENERAL | H26: =+'Maestro infraestructura'!Y25 -> 3 | J26: =+'Maestro infraestructura'!T25 -> 47293 | K26: =IF(E26="Cambiar o Inspección externa",1/1/2027,IF(E26="cambiar",1/1/2027,J26)) -> 47293 | L26: Sí
A27: =+'Maestro infraestructura'!A26 -> CICLO INICIAL | B27: =+'Maestro infraestructura'!B26 -> 1° Piso | C27: =+'Maestro infraestructura'!C26 -> 1° Piso | D27: =+'Maestro infraestructura'!F26 -> Siding | E27: =+'Maestro infraestructura'!K26 -> Activo | F27: =+'Maestro infraestructura'!V26 -> AL DÍA | G27: =+'Maestro infraestructura'!X26 -> GENERAL | H27: =+'Maestro infraestructura'!Y26 -> 2 | J27: =+'Maestro infraestructura'!T26 -> 48023 | K27: =IF(E27="Cambiar o Inspección externa",1/1/2027,IF(E27="cambiar",1/1/2027,J27)) -> 48023
A28: =+'Maestro infraestructura'!A27 -> CICLO INICIAL | B28: =+'Maestro infraestructura'!B27 -> 1° Piso | C28: =+'Maestro infraestructura'!C27 -> Edificio | D28: =+'Maestro infraestructura'!F27 -> Techumbre Ciclo Inicial | E28: =+'Maestro infraestructura'!K27 -> Activo | F28: =+'Maestro infraestructura'!V27 -> AL DÍA | G28: =+'Maestro infraestructura'!X27 -> SEGURIDAD | H28: =+'Maestro infraestructura'!Y27 -> 1 | I28: =+'Maestro infraestructura'!S27 -> 46198 | J28: =+'Maestro infraestructura'!T27 -> 47475.5 | K28: =IF(E28="Cambiar o Inspección externa",1/1/2027,IF(E28="cambiar",1/1/2027,J28)) -> 47475.5
A29: =+'Maestro infraestructura'!A28 -> CICLO INICIAL | B29: =+'Maestro infraestructura'!B28 -> 1° Piso | C29: =+'Maestro infraestructura'!C28 -> K1A | D29: =+'Maestro infraestructura'!F28 -> Ventanas | E29: =+'Maestro infraestructura'!K28 -> Activo | F29: =+'Maestro infraestructura'!V28 -> AL DÍA | G29: =+'Maestro infraestructura'!X28 -> SEGURIDAD | H29: =+'Maestro infraestructura'!Y28 -> 2 | J29: =+'Maestro infraestructura'!T28 -> 46563 | K29: =IF(E29="Cambiar o Inspección externa",1/1/2027,IF(E29="cambiar",1/1/2027,J29)) -> 46563 | L29: Sí
A30: =+'Maestro infraestructura'!A29 -> CICLO INICIAL | B30: =+'Maestro infraestructura'!B29 -> 1° Piso | C30: =+'Maestro infraestructura'!C29 -> K1A | D30: =+'Maestro infraestructura'!F29 -> Radiadores | E30: =+'Maestro infraestructura'!K29 -> Activo | F30: =+'Maestro infraestructura'!V29 -> AL DÍA | G30: =+'Maestro infraestructura'!X29 -> GENERAL | H30: =+'Maestro infraestructura'!Y29 -> 1 | J30: =+'Maestro infraestructura'!T29 -> 46563 | K30: =IF(E30="Cambiar o Inspección externa",1/1/2027,IF(E30="cambiar",1/1/2027,J30)) -> 46563
A31: =+'Maestro infraestructura'!A30 -> CICLO INICIAL | B31: =+'Maestro infraestructura'!B30 -> 1° Piso | C31: =+'Maestro infraestructura'!C30 -> K1A | D31: =+'Maestro infraestructura'!F30 -> Piso | E31: =+'Maestro infraestructura'!K30 -> Activo | F31: =+'Maestro infraestructura'!V30 -> AL DÍA | G31: =+'Maestro infraestructura'!X30 -> GENERAL | H31: =+'Maestro infraestructura'!Y30 -> 2 | J31: =+'Maestro infraestructura'!T30 -> 46563 | K31: =IF(E31="Cambiar o Inspección externa",1/1/2027,IF(E31="cambiar",1/1/2027,J31)) -> 46563 | L31: Sí
A32: =+'Maestro infraestructura'!A31 -> CICLO INICIAL | B32: =+'Maestro infraestructura'!B31 -> 1° Piso | C32: =+'Maestro infraestructura'!C31 -> K1A | D32: =+'Maestro infraestructura'!F31 -> Enchufes | E32: =+'Maestro infraestructura'!K31 -> Activo | F32: =+'Maestro infraestructura'!V31 -> AL DÍA | G32: =+'Maestro infraestructura'!X31 -> GENERAL | H32: =+'Maestro infraestructura'!Y31 -> 2 | I32: =+'Maestro infraestructura'!S31 -> 46198 | J32: =+'Maestro infraestructura'!T31 -> 46563 | K32: =IF(E32="Cambiar o Inspección externa",1/1/2027,IF(E32="cambiar",1/1/2027,J32)) -> 46563 | L32: Sí
A33: =+'Maestro infraestructura'!A32 -> CICLO INICIAL | B33: =+'Maestro infraestructura'!B32 -> 1° Piso | C33: =+'Maestro infraestructura'!C32 -> K1A | D33: =+'Maestro infraestructura'!F32 -> TV | E33: =+'Maestro infraestructura'!K32 -> Activo | F33: =+'Maestro infraestructura'!V32 -> AL DÍA | G33: =+'Maestro infraestructura'!X32 -> OPERACIÓN | H33: =+'Maestro infraestructura'!Y32 -> 2 | I33: =+'Maestro infraestructura'!S32 -> 46198 | J33: =+'Maestro infraestructura'!T32 -> 46563 | K33: =IF(E33="Cambiar o Inspección externa",1/1/2027,IF(E33="cambiar",1/1/2027,J33)) -> 46563 | L33: Sí
A34: =+'Maestro infraestructura'!A33 -> CICLO INICIAL | B34: =+'Maestro infraestructura'!B33 -> 1° Piso | C34: =+'Maestro infraestructura'!C33 -> K1A | D34: =+'Maestro infraestructura'!F33 -> Pizarra | E34: =+'Maestro infraestructura'!K33 -> Activo | F34: =+'Maestro infraestructura'!V33 -> AL DÍA | G34: =+'Maestro infraestructura'!X33 -> OPERACIÓN | H34: =+'Maestro infraestructura'!Y33 -> 2 | J34: =+'Maestro infraestructura'!T33 -> 46563 | K34: =IF(E34="Cambiar o Inspección externa",1/1/2027,IF(E34="cambiar",1/1/2027,J34)) -> 46563 | L34: Sí
A35: =+'Maestro infraestructura'!A34 -> CICLO INICIAL | B35: =+'Maestro infraestructura'!B34 -> 1° Piso | C35: =+'Maestro infraestructura'!C34 -> K1A | D35: =+'Maestro infraestructura'!F34 -> Puertas | E35: =+'Maestro infraestructura'!K34 -> Activo | F35: =+'Maestro infraestructura'!V34 -> AL DÍA | G35: =+'Maestro infraestructura'!X34 -> GENERAL | H35: =+'Maestro infraestructura'!Y34 -> 2 | J35: =+'Maestro infraestructura'!T34 -> 46563 | K35: =IF(E35="Cambiar o Inspección externa",1/1/2027,IF(E35="cambiar",1/1/2027,J35)) -> 46563 | L35: Sí
A36: =+'Maestro infraestructura'!A35 -> CICLO INICIAL | B36: =+'Maestro infraestructura'!B35 -> 1° Piso | C36: =+'Maestro infraestructura'!C35 -> K1B | D36: =+'Maestro infraestructura'!F35 -> Ventanas | E36: =+'Maestro infraestructura'!K35 -> Activo | F36: =+'Maestro infraestructura'!V35 -> AL DÍA | G36: =+'Maestro infraestructura'!X35 -> SEGURIDAD | H36: =+'Maestro infraestructura'!Y35 -> 2 | J36: =+'Maestro infraestructura'!T35 -> 46563 | K36: =IF(E36="Cambiar o Inspección externa",1/1/2027,IF(E36="cambiar",1/1/2027,J36)) -> 46563 | L36: Sí
A37: =+'Maestro infraestructura'!A36 -> CICLO INICIAL | B37: =+'Maestro infraestructura'!B36 -> 1° Piso | C37: =+'Maestro infraestructura'!C36 -> K1B | D37: =+'Maestro infraestructura'!F36 -> Radiadores | E37: =+'Maestro infraestructura'!K36 -> Activo | F37: =+'Maestro infraestructura'!V36 -> AL DÍA | G37: =+'Maestro infraestructura'!X36 -> GENERAL | H37: =+'Maestro infraestructura'!Y36 -> 1 | J37: =+'Maestro infraestructura'!T36 -> 46563 | K37: =IF(E37="Cambiar o Inspección externa",1/1/2027,IF(E37="cambiar",1/1/2027,J37)) -> 46563 | L37: Sí
A38: =+'Maestro infraestructura'!A37 -> CICLO INICIAL | B38: =+'Maestro infraestructura'!B37 -> 1° Piso | C38: =+'Maestro infraestructura'!C37 -> K1B | D38: =+'Maestro infraestructura'!F37 -> Piso | E38: =+'Maestro infraestructura'!K37 -> Activo | F38: =+'Maestro infraestructura'!V37 -> AL DÍA | G38: =+'Maestro infraestructura'!X37 -> GENERAL | H38: =+'Maestro infraestructura'!Y37 -> 2 | I38: =+'Maestro infraestructura'!S37 -> 46198 | J38: =+'Maestro infraestructura'!T37 -> 46563 | K38: =IF(E38="Cambiar o Inspección externa",1/1/2027,IF(E38="cambiar",1/1/2027,J38)) -> 46563 | L38: No
A39: =+'Maestro infraestructura'!A38 -> CICLO INICIAL | B39: =+'Maestro infraestructura'!B38 -> 1° Piso | C39: =+'Maestro infraestructura'!C38 -> K1B | D39: =+'Maestro infraestructura'!F38 -> Enchufes | E39: =+'Maestro infraestructura'!K38 -> Activo | F39: =+'Maestro infraestructura'!V38 -> AL DÍA | G39: =+'Maestro infraestructura'!X38 -> GENERAL | H39: =+'Maestro infraestructura'!Y38 -> 2 | I39: =+'Maestro infraestructura'!S38 -> 46198 | J39: =+'Maestro infraestructura'!T38 -> 46563 | K39: =IF(E39="Cambiar o Inspección externa",1/1/2027,IF(E39="cambiar",1/1/2027,J39)) -> 46563 | L39: No
A40: =+'Maestro infraestructura'!A39 -> CICLO INICIAL | B40: =+'Maestro infraestructura'!B39 -> 1° Piso | C40: =+'Maestro infraestructura'!C39 -> K1B | D40: =+'Maestro infraestructura'!F39 -> TV | E40: =+'Maestro infraestructura'!K39 -> Activo | F40: =+'Maestro infraestructura'!V39 -> AL DÍA | G40: =+'Maestro infraestructura'!X39 -> OPERACIÓN | H40: =+'Maestro infraestructura'!Y39 -> 2 | J40: =+'Maestro infraestructura'!T39 -> 46563 | K40: =IF(E40="Cambiar o Inspección externa",1/1/2027,IF(E40="cambiar",1/1/2027,J40)) -> 46563
A41: =+'Maestro infraestructura'!A40 -> CICLO INICIAL | B41: =+'Maestro infraestructura'!B40 -> 1° Piso | C41: =+'Maestro infraestructura'!C40 -> K1B | D41: =+'Maestro infraestructura'!F40 -> Pizarra | E41: =+'Maestro infraestructura'!K40 -> Activo | F41: =+'Maestro infraestructura'!V40 -> AL DÍA | G41: =+'Maestro infraestructura'!X40 -> OPERACIÓN | H41: =+'Maestro infraestructura'!Y40 -> 2 | J41: =+'Maestro infraestructura'!T40 -> 46563 | K41: =IF(E41="Cambiar o Inspección externa",1/1/2027,IF(E41="cambiar",1/1/2027,J41)) -> 46563
A42: =+'Maestro infraestructura'!A41 -> CICLO INICIAL | B42: =+'Maestro infraestructura'!B41 -> 1° Piso | C42: =+'Maestro infraestructura'!C41 -> K1B | D42: =+'Maestro infraestructura'!F41 -> Puertas | E42: =+'Maestro infraestructura'!K41 -> Activo | F42: =+'Maestro infraestructura'!V41 -> AL DÍA | G42: =+'Maestro infraestructura'!X41 -> GENERAL | H42: =+'Maestro infraestructura'!Y41 -> 2 | J42: =+'Maestro infraestructura'!T41 -> 46563 | K42: =IF(E42="Cambiar o Inspección externa",1/1/2027,IF(E42="cambiar",1/1/2027,J42)) -> 46563
A43: =+'Maestro infraestructura'!A42 -> CICLO INICIAL | B43: =+'Maestro infraestructura'!B42 -> 1° Piso | C43: =+'Maestro infraestructura'!C42 -> K1C | D43: =+'Maestro infraestructura'!F42 -> Ventanas | E43: =+'Maestro infraestructura'!K42 -> Activo | F43: =+'Maestro infraestructura'!V42 -> AL DÍA | G43: =+'Maestro infraestructura'!X42 -> SEGURIDAD | H43: =+'Maestro infraestructura'!Y42 -> 2 | J43: =+'Maestro infraestructura'!T42 -> 46563 | K43: =IF(E43="Cambiar o Inspección externa",1/1/2027,IF(E43="cambiar",1/1/2027,J43)) -> 46563
A44: =+'Maestro infraestructura'!A43 -> CICLO INICIAL | B44: =+'Maestro infraestructura'!B43 -> 1° Piso | C44: =+'Maestro infraestructura'!C43 -> K1C | D44: =+'Maestro infraestructura'!F43 -> Radiadores | E44: =+'Maestro infraestructura'!K43 -> Activo | F44: =+'Maestro infraestructura'!V43 -> AL DÍA | G44: =+'Maestro infraestructura'!X43 -> GENERAL | H44: =+'Maestro infraestructura'!Y43 -> 1 | J44: =+'Maestro infraestructura'!T43 -> 46563 | K44: =IF(E44="Cambiar o Inspección externa",1/1/2027,IF(E44="cambiar",1/1/2027,J44)) -> 46563
A45: =+'Maestro infraestructura'!A44 -> CICLO INICIAL | B45: =+'Maestro infraestructura'!B44 -> 1° Piso | C45: =+'Maestro infraestructura'!C44 -> K1C | D45: =+'Maestro infraestructura'!F44 -> Piso | E45: =+'Maestro infraestructura'!K44 -> Activo | F45: =+'Maestro infraestructura'!V44 -> AL DÍA | G45: =+'Maestro infraestructura'!X44 -> GENERAL | H45: =+'Maestro infraestructura'!Y44 -> 2 | J45: =+'Maestro infraestructura'!T44 -> 46563 | K45: =IF(E45="Cambiar o Inspección externa",1/1/2027,IF(E45="cambiar",1/1/2027,J45)) -> 46563
A46: =+'Maestro infraestructura'!A45 -> CICLO INICIAL | B46: =+'Maestro infraestructura'!B45 -> 1° Piso | C46: =+'Maestro infraestructura'!C45 -> K1C | D46: =+'Maestro infraestructura'!F45 -> Enchufes | E46: =+'Maestro infraestructura'!K45 -> Activo | F46: =+'Maestro infraestructura'!V45 -> AL DÍA | G46: =+'Maestro infraestructura'!X45 -> GENERAL | H46: =+'Maestro infraestructura'!Y45 -> 2 | J46: =+'Maestro infraestructura'!T45 -> 46563 | K46: =IF(E46="Cambiar o Inspección externa",1/1/2027,IF(E46="cambiar",1/1/2027,J46)) -> 46563
A47: =+'Maestro infraestructura'!A46 -> CICLO INICIAL | B47: =+'Maestro infraestructura'!B46 -> 1° Piso | C47: =+'Maestro infraestructura'!C46 -> K1C | D47: =+'Maestro infraestructura'!F46 -> TV | E47: =+'Maestro infraestructura'!K46 -> Activo | F47: =+'Maestro infraestructura'!V46 -> AL DÍA | G47: =+'Maestro infraestructura'!X46 -> OPERACIÓN | H47: =+'Maestro infraestructura'!Y46 -> 2 | I47: =+'Maestro infraestructura'!S46 -> 46198 | J47: =+'Maestro infraestructura'!T46 -> 46563 | K47: =IF(E47="Cambiar o Inspección externa",1/1/2027,IF(E47="cambiar",1/1/2027,J47)) -> 46563
A48: =+'Maestro infraestructura'!A47 -> CICLO INICIAL | B48: =+'Maestro infraestructura'!B47 -> 1° Piso | C48: =+'Maestro infraestructura'!C47 -> K1C | D48: =+'Maestro infraestructura'!F47 -> Pizarra | E48: =+'Maestro infraestructura'!K47 -> Activo | F48: =+'Maestro infraestructura'!V47 -> AL DÍA | G48: =+'Maestro infraestructura'!X47 -> OPERACIÓN | H48: =+'Maestro infraestructura'!Y47 -> 2 | I48: =+'Maestro infraestructura'!S47 -> 46198 | J48: =+'Maestro infraestructura'!T47 -> 46563 | K48: =IF(E48="Cambiar o Inspección externa",1/1/2027,IF(E48="cambiar",1/1/2027,J48)) -> 46563 | L48: No
A49: =+'Maestro infraestructura'!A48 -> CICLO INICIAL | B49: =+'Maestro infraestructura'!B48 -> 1° Piso | C49: =+'Maestro infraestructura'!C48 -> K1C | D49: =+'Maestro infraestructura'!F48 -> Puertas | E49: =+'Maestro infraestructura'!K48 -> Activo | F49: =+'Maestro infraestructura'!V48 -> AL DÍA | G49: =+'Maestro infraestructura'!X48 -> GENERAL | H49: =+'Maestro infraestructura'!Y48 -> 2 | J49: =+'Maestro infraestructura'!T48 -> 46563 | K49: =IF(E49="Cambiar o Inspección externa",1/1/2027,IF(E49="cambiar",1/1/2027,J49)) -> 46563
A50: =+'Maestro infraestructura'!A49 -> CICLO INICIAL | B50: =+'Maestro infraestructura'!B49 -> 1° Piso | C50: =+'Maestro infraestructura'!C49 -> K1D | D50: =+'Maestro infraestructura'!F49 -> Ventanas | E50: =+'Maestro infraestructura'!K49 -> Activo | F50: =+'Maestro infraestructura'!V49 -> AL DÍA | G50: =+'Maestro infraestructura'!X49 -> SEGURIDAD | H50: =+'Maestro infraestructura'!Y49 -> 2 | J50: =+'Maestro infraestructura'!T49 -> 46563 | K50: =IF(E50="Cambiar o Inspección externa",1/1/2027,IF(E50="cambiar",1/1/2027,J50)) -> 46563
A51: =+'Maestro infraestructura'!A50 -> CICLO INICIAL | B51: =+'Maestro infraestructura'!B50 -> 1° Piso | C51: =+'Maestro infraestructura'!C50 -> K1D | D51: =+'Maestro infraestructura'!F50 -> Radiadores | E51: =+'Maestro infraestructura'!K50 -> Activo | F51: =+'Maestro infraestructura'!V50 -> AL DÍA | G51: =+'Maestro infraestructura'!X50 -> GENERAL | H51: =+'Maestro infraestructura'!Y50 -> 1 | J51: =+'Maestro infraestructura'!T50 -> 46563 | K51: =IF(E51="Cambiar o Inspección externa",1/1/2027,IF(E51="cambiar",1/1/2027,J51)) -> 46563
A52: =+'Maestro infraestructura'!A51 -> CICLO INICIAL | B52: =+'Maestro infraestructura'!B51 -> 1° Piso | C52: =+'Maestro infraestructura'!C51 -> K1D | D52: =+'Maestro infraestructura'!F51 -> Piso | E52: =+'Maestro infraestructura'!K51 -> Activo | F52: =+'Maestro infraestructura'!V51 -> AL DÍA | G52: =+'Maestro infraestructura'!X51 -> GENERAL | H52: =+'Maestro infraestructura'!Y51 -> 2 | J52: =+'Maestro infraestructura'!T51 -> 46563 | K52: =IF(E52="Cambiar o Inspección externa",1/1/2027,IF(E52="cambiar",1/1/2027,J52)) -> 46563
A53: =+'Maestro infraestructura'!A52 -> CICLO INICIAL | B53: =+'Maestro infraestructura'!B52 -> 1° Piso | C53: =+'Maestro infraestructura'!C52 -> K1D | D53: =+'Maestro infraestructura'!F52 -> Enchufes | E53: =+'Maestro infraestructura'!K52 -> Activo | F53: =+'Maestro infraestructura'!V52 -> AL DÍA | G53: =+'Maestro infraestructura'!X52 -> GENERAL | H53: =+'Maestro infraestructura'!Y52 -> 2 | J53: =+'Maestro infraestructura'!T52 -> 46563 | K53: =IF(E53="Cambiar o Inspección externa",1/1/2027,IF(E53="cambiar",1/1/2027,J53)) -> 46563
A54: =+'Maestro infraestructura'!A53 -> CICLO INICIAL | B54: =+'Maestro infraestructura'!B53 -> 1° Piso | C54: =+'Maestro infraestructura'!C53 -> K1D | D54: =+'Maestro infraestructura'!F53 -> TV | E54: =+'Maestro infraestructura'!K53 -> Activo | F54: =+'Maestro infraestructura'!V53 -> AL DÍA | G54: =+'Maestro infraestructura'!X53 -> OPERACIÓN | H54: =+'Maestro infraestructura'!Y53 -> 2 | J54: =+'Maestro infraestructura'!T53 -> 46563 | K54: =IF(E54="Cambiar o Inspección externa",1/1/2027,IF(E54="cambiar",1/1/2027,J54)) -> 46563 | L54: Sí
A55: =+'Maestro infraestructura'!A54 -> CICLO INICIAL | B55: =+'Maestro infraestructura'!B54 -> 1° Piso | C55: =+'Maestro infraestructura'!C54 -> K1D | D55: =+'Maestro infraestructura'!F54 -> Pizarra | E55: =+'Maestro infraestructura'!K54 -> Activo | F55: =+'Maestro infraestructura'!V54 -> AL DÍA | G55: =+'Maestro infraestructura'!X54 -> OPERACIÓN | H55: =+'Maestro infraestructura'!Y54 -> 2 | I55: =+'Maestro infraestructura'!S54 -> 46198 | J55: =+'Maestro infraestructura'!T54 -> 46563 | K55: =IF(E55="Cambiar o Inspección externa",1/1/2027,IF(E55="cambiar",1/1/2027,J55)) -> 46563 | L55: No
A56: =+'Maestro infraestructura'!A55 -> CICLO INICIAL | B56: =+'Maestro infraestructura'!B55 -> 1° Piso | C56: =+'Maestro infraestructura'!C55 -> K1D | D56: =+'Maestro infraestructura'!F55 -> Puertas | E56: =+'Maestro infraestructura'!K55 -> Activo | F56: =+'Maestro infraestructura'!V55 -> AL DÍA | G56: =+'Maestro infraestructura'!X55 -> GENERAL | H56: =+'Maestro infraestructura'!Y55 -> 2 | J56: =+'Maestro infraestructura'!T55 -> 46563 | K56: =IF(E56="Cambiar o Inspección externa",1/1/2027,IF(E56="cambiar",1/1/2027,J56)) -> 46563
A57: =+'Maestro infraestructura'!A56 -> CICLO INICIAL | B57: =+'Maestro infraestructura'!B56 -> 1° Piso | C57: =+'Maestro infraestructura'!C56 -> K2A | D57: =+'Maestro infraestructura'!F56 -> Ventanas | E57: =+'Maestro infraestructura'!K56 -> Activo | F57: =+'Maestro infraestructura'!V56 -> AL DÍA | G57: =+'Maestro infraestructura'!X56 -> SEGURIDAD | H57: =+'Maestro infraestructura'!Y56 -> 2 | J57: =+'Maestro infraestructura'!T56 -> 46563 | K57: =IF(E57="Cambiar o Inspección externa",1/1/2027,IF(E57="cambiar",1/1/2027,J57)) -> 46563
A58: =+'Maestro infraestructura'!A57 -> CICLO INICIAL | B58: =+'Maestro infraestructura'!B57 -> 1° Piso | C58: =+'Maestro infraestructura'!C57 -> K2A | D58: =+'Maestro infraestructura'!F57 -> Radiadores | E58: =+'Maestro infraestructura'!K57 -> Activo | F58: =+'Maestro infraestructura'!V57 -> AL DÍA | G58: =+'Maestro infraestructura'!X57 -> GENERAL | H58: =+'Maestro infraestructura'!Y57 -> 1 | J58: =+'Maestro infraestructura'!T57 -> 46563 | K58: =IF(E58="Cambiar o Inspección externa",1/1/2027,IF(E58="cambiar",1/1/2027,J58)) -> 46563
A59: =+'Maestro infraestructura'!A58 -> CICLO INICIAL | B59: =+'Maestro infraestructura'!B58 -> 1° Piso | C59: =+'Maestro infraestructura'!C58 -> K2A | D59: =+'Maestro infraestructura'!F58 -> Piso | E59: =+'Maestro infraestructura'!K58 -> Activo | F59: =+'Maestro infraestructura'!V58 -> AL DÍA | G59: =+'Maestro infraestructura'!X58 -> GENERAL | H59: =+'Maestro infraestructura'!Y58 -> 2 | J59: =+'Maestro infraestructura'!T58 -> 46563 | K59: =IF(E59="Cambiar o Inspección externa",1/1/2027,IF(E59="cambiar",1/1/2027,J59)) -> 46563
A60: =+'Maestro infraestructura'!A59 -> CICLO INICIAL | B60: =+'Maestro infraestructura'!B59 -> 1° Piso | C60: =+'Maestro infraestructura'!C59 -> K2A | D60: =+'Maestro infraestructura'!F59 -> Enchufes | E60: =+'Maestro infraestructura'!K59 -> Activo | F60: =+'Maestro infraestructura'!V59 -> AL DÍA | G60: =+'Maestro infraestructura'!X59 -> GENERAL | H60: =+'Maestro infraestructura'!Y59 -> 2 | J60: =+'Maestro infraestructura'!T59 -> 46563 | K60: =IF(E60="Cambiar o Inspección externa",1/1/2027,IF(E60="cambiar",1/1/2027,J60)) -> 46563
A61: =+'Maestro infraestructura'!A60 -> CICLO INICIAL | B61: =+'Maestro infraestructura'!B60 -> 1° Piso | C61: =+'Maestro infraestructura'!C60 -> K2A | D61: =+'Maestro infraestructura'!F60 -> TV | E61: =+'Maestro infraestructura'!K60 -> Activo | F61: =+'Maestro infraestructura'!V60 -> AL DÍA | G61: =+'Maestro infraestructura'!X60 -> OPERACIÓN | H61: =+'Maestro infraestructura'!Y60 -> 2 | J61: =+'Maestro infraestructura'!T60 -> 46563 | K61: =IF(E61="Cambiar o Inspección externa",1/1/2027,IF(E61="cambiar",1/1/2027,J61)) -> 46563 | L61: Sí
A62: =+'Maestro infraestructura'!A61 -> CICLO INICIAL | B62: =+'Maestro infraestructura'!B61 -> 1° Piso | C62: =+'Maestro infraestructura'!C61 -> K2A | D62: =+'Maestro infraestructura'!F61 -> Pizarra | E62: =+'Maestro infraestructura'!K61 -> Activo | F62: =+'Maestro infraestructura'!V61 -> AL DÍA | G62: =+'Maestro infraestructura'!X61 -> OPERACIÓN | H62: =+'Maestro infraestructura'!Y61 -> 2 | J62: =+'Maestro infraestructura'!T61 -> 46563 | K62: =IF(E62="Cambiar o Inspección externa",1/1/2027,IF(E62="cambiar",1/1/2027,J62)) -> 46563 | L62: Sí
A63: =+'Maestro infraestructura'!A62 -> CICLO INICIAL | B63: =+'Maestro infraestructura'!B62 -> 1° Piso | C63: =+'Maestro infraestructura'!C62 -> K2A | D63: =+'Maestro infraestructura'!F62 -> Puertas | E63: =+'Maestro infraestructura'!K62 -> Activo | F63: =+'Maestro infraestructura'!V62 -> AL DÍA | G63: =+'Maestro infraestructura'!X62 -> GENERAL | H63: =+'Maestro infraestructura'!Y62 -> 2 | J63: =+'Maestro infraestructura'!T62 -> 46563 | K63: =IF(E63="Cambiar o Inspección externa",1/1/2027,IF(E63="cambiar",1/1/2027,J63)) -> 46563 | L63: Sí
A64: =+'Maestro infraestructura'!A63 -> CICLO INICIAL | B64: =+'Maestro infraestructura'!B63 -> 1° Piso | C64: =+'Maestro infraestructura'!C63 -> K2B | D64: =+'Maestro infraestructura'!F63 -> Ventanas | E64: =+'Maestro infraestructura'!K63 -> Activo | F64: =+'Maestro infraestructura'!V63 -> AL DÍA | G64: =+'Maestro infraestructura'!X63 -> SEGURIDAD | H64: =+'Maestro infraestructura'!Y63 -> 2 | J64: =+'Maestro infraestructura'!T63 -> 46563 | K64: =IF(E64="Cambiar o Inspección externa",1/1/2027,IF(E64="cambiar",1/1/2027,J64)) -> 46563 | L64: Sí
A65: =+'Maestro infraestructura'!A64 -> CICLO INICIAL | B65: =+'Maestro infraestructura'!B64 -> 1° Piso | C65: =+'Maestro infraestructura'!C64 -> K2B | D65: =+'Maestro infraestructura'!F64 -> Radiadores | E65: =+'Maestro infraestructura'!K64 -> Activo | F65: =+'Maestro infraestructura'!V64 -> AL DÍA | G65: =+'Maestro infraestructura'!X64 -> GENERAL | H65: =+'Maestro infraestructura'!Y64 -> 1 | J65: =+'Maestro infraestructura'!T64 -> 46563 | K65: =IF(E65="Cambiar o Inspección externa",1/1/2027,IF(E65="cambiar",1/1/2027,J65)) -> 46563 | L65: Sí
A66: =+'Maestro infraestructura'!A65 -> CICLO INICIAL | B66: =+'Maestro infraestructura'!B65 -> 1° Piso | C66: =+'Maestro infraestructura'!C65 -> K2B | D66: =+'Maestro infraestructura'!F65 -> Piso | E66: =+'Maestro infraestructura'!K65 -> Activo | F66: =+'Maestro infraestructura'!V65 -> AL DÍA | G66: =+'Maestro infraestructura'!X65 -> GENERAL | H66: =+'Maestro infraestructura'!Y65 -> 2 | I66: =+'Maestro infraestructura'!S65 -> 46198 | J66: =+'Maestro infraestructura'!T65 -> 46563 | K66: =IF(E66="Cambiar o Inspección externa",1/1/2027,IF(E66="cambiar",1/1/2027,J66)) -> 46563 | L66: Sí
A67: =+'Maestro infraestructura'!A66 -> CICLO INICIAL | B67: =+'Maestro infraestructura'!B66 -> 1° Piso | C67: =+'Maestro infraestructura'!C66 -> K2B | D67: =+'Maestro infraestructura'!F66 -> Enchufes | E67: =+'Maestro infraestructura'!K66 -> Activo | F67: =+'Maestro infraestructura'!V66 -> AL DÍA | G67: =+'Maestro infraestructura'!X66 -> GENERAL | H67: =+'Maestro infraestructura'!Y66 -> 2 | I67: =+'Maestro infraestructura'!S66 -> 46198 | J67: =+'Maestro infraestructura'!T66 -> 46563 | K67: =IF(E67="Cambiar o Inspección externa",1/1/2027,IF(E67="cambiar",1/1/2027,J67)) -> 46563 | L67: Sí
A68: =+'Maestro infraestructura'!A67 -> CICLO INICIAL | B68: =+'Maestro infraestructura'!B67 -> 1° Piso | C68: =+'Maestro infraestructura'!C67 -> K2B | D68: =+'Maestro infraestructura'!F67 -> TV | E68: =+'Maestro infraestructura'!K67 -> Activo | F68: =+'Maestro infraestructura'!V67 -> AL DÍA | G68: =+'Maestro infraestructura'!X67 -> OPERACIÓN | H68: =+'Maestro infraestructura'!Y67 -> 2 | I68: =+'Maestro infraestructura'!S67 -> 46198 | J68: =+'Maestro infraestructura'!T67 -> 46563 | K68: =IF(E68="Cambiar o Inspección externa",1/1/2027,IF(E68="cambiar",1/1/2027,J68)) -> 46563 | L68: Sí
A69: =+'Maestro infraestructura'!A68 -> CICLO INICIAL | B69: =+'Maestro infraestructura'!B68 -> 1° Piso | C69: =+'Maestro infraestructura'!C68 -> K2B | D69: =+'Maestro infraestructura'!F68 -> Pizarra | E69: =+'Maestro infraestructura'!K68 -> Activo | F69: =+'Maestro infraestructura'!V68 -> AL DÍA | G69: =+'Maestro infraestructura'!X68 -> OPERACIÓN | H69: =+'Maestro infraestructura'!Y68 -> 2 | I69: =+'Maestro infraestructura'!S68 -> 46198 | J69: =+'Maestro infraestructura'!T68 -> 46563 | K69: =IF(E69="Cambiar o Inspección externa",1/1/2027,IF(E69="cambiar",1/1/2027,J69)) -> 46563 | L69: Sí
A70: =+'Maestro infraestructura'!A69 -> CICLO INICIAL | B70: =+'Maestro infraestructura'!B69 -> 1° Piso | C70: =+'Maestro infraestructura'!C69 -> K2B | D70: =+'Maestro infraestructura'!F69 -> Puertas | E70: =+'Maestro infraestructura'!K69 -> Activo | F70: =+'Maestro infraestructura'!V69 -> AL DÍA | G70: =+'Maestro infraestructura'!X69 -> GENERAL | H70: =+'Maestro infraestructura'!Y69 -> 2 | I70: =+'Maestro infraestructura'!S69 -> 46198 | J70: =+'Maestro infraestructura'!T69 -> 46563 | K70: =IF(E70="Cambiar o Inspección externa",1/1/2027,IF(E70="cambiar",1/1/2027,J70)) -> 46563 | L70: No
A71: =+'Maestro infraestructura'!A70 -> CICLO INICIAL | B71: =+'Maestro infraestructura'!B70 -> 1° Piso | C71: =+'Maestro infraestructura'!C70 -> K2C | D71: =+'Maestro infraestructura'!F70 -> Ventanas | E71: =+'Maestro infraestructura'!K70 -> Activo | F71: =+'Maestro infraestructura'!V70 -> AL DÍA | G71: =+'Maestro infraestructura'!X70 -> SEGURIDAD | H71: =+'Maestro infraestructura'!Y70 -> 2 | J71: =+'Maestro infraestructura'!T70 -> 46563 | K71: =IF(E71="Cambiar o Inspección externa",1/1/2027,IF(E71="cambiar",1/1/2027,J71)) -> 46563
A72: =+'Maestro infraestructura'!A71 -> CICLO INICIAL | B72: =+'Maestro infraestructura'!B71 -> 1° Piso | C72: =+'Maestro infraestructura'!C71 -> K2C | D72: =+'Maestro infraestructura'!F71 -> Radiadores | E72: =+'Maestro infraestructura'!K71 -> Activo | F72: =+'Maestro infraestructura'!V71 -> AL DÍA | G72: =+'Maestro infraestructura'!X71 -> GENERAL | H72: =+'Maestro infraestructura'!Y71 -> 1 | J72: =+'Maestro infraestructura'!T71 -> 46563 | K72: =IF(E72="Cambiar o Inspección externa",1/1/2027,IF(E72="cambiar",1/1/2027,J72)) -> 46563
A73: =+'Maestro infraestructura'!A72 -> CICLO INICIAL | B73: =+'Maestro infraestructura'!B72 -> 1° Piso | C73: =+'Maestro infraestructura'!C72 -> K2C | D73: =+'Maestro infraestructura'!F72 -> Piso | E73: =+'Maestro infraestructura'!K72 -> Activo | F73: =+'Maestro infraestructura'!V72 -> AL DÍA | G73: =+'Maestro infraestructura'!X72 -> GENERAL | H73: =+'Maestro infraestructura'!Y72 -> 2 | J73: =+'Maestro infraestructura'!T72 -> 46563 | K73: =IF(E73="Cambiar o Inspección externa",1/1/2027,IF(E73="cambiar",1/1/2027,J73)) -> 46563
A74: =+'Maestro infraestructura'!A73 -> CICLO INICIAL | B74: =+'Maestro infraestructura'!B73 -> 1° Piso | C74: =+'Maestro infraestructura'!C73 -> K2C | D74: =+'Maestro infraestructura'!F73 -> Enchufes | E74: =+'Maestro infraestructura'!K73 -> Activo | F74: =+'Maestro infraestructura'!V73 -> AL DÍA | G74: =+'Maestro infraestructura'!X73 -> GENERAL | H74: =+'Maestro infraestructura'!Y73 -> 2 | I74: =+'Maestro infraestructura'!S73 -> 46198 | J74: =+'Maestro infraestructura'!T73 -> 46563 | K74: =IF(E74="Cambiar o Inspección externa",1/1/2027,IF(E74="cambiar",1/1/2027,J74)) -> 46563
A75: =+'Maestro infraestructura'!A74 -> CICLO INICIAL | B75: =+'Maestro infraestructura'!B74 -> 1° Piso | C75: =+'Maestro infraestructura'!C74 -> K2C | D75: =+'Maestro infraestructura'!F74 -> TV | E75: =+'Maestro infraestructura'!K74 -> Activo | F75: =+'Maestro infraestructura'!V74 -> AL DÍA | G75: =+'Maestro infraestructura'!X74 -> OPERACIÓN | H75: =+'Maestro infraestructura'!Y74 -> 2 | J75: =+'Maestro infraestructura'!T74 -> 46563 | K75: =IF(E75="Cambiar o Inspección externa",1/1/2027,IF(E75="cambiar",1/1/2027,J75)) -> 46563
A76: =+'Maestro infraestructura'!A75 -> CICLO INICIAL | B76: =+'Maestro infraestructura'!B75 -> 1° Piso | C76: =+'Maestro infraestructura'!C75 -> K2C | D76: =+'Maestro infraestructura'!F75 -> Pizarra | E76: =+'Maestro infraestructura'!K75 -> Activo | F76: =+'Maestro infraestructura'!V75 -> AL DÍA | G76: =+'Maestro infraestructura'!X75 -> OPERACIÓN | H76: =+'Maestro infraestructura'!Y75 -> 2 | J76: =+'Maestro infraestructura'!T75 -> 46563 | K76: =IF(E76="Cambiar o Inspección externa",1/1/2027,IF(E76="cambiar",1/1/2027,J76)) -> 46563
A77: =+'Maestro infraestructura'!A76 -> CICLO INICIAL | B77: =+'Maestro infraestructura'!B76 -> 1° Piso | C77: =+'Maestro infraestructura'!C76 -> K2C | D77: =+'Maestro infraestructura'!F76 -> Puertas | E77: =+'Maestro infraestructura'!K76 -> Activo | F77: =+'Maestro infraestructura'!V76 -> AL DÍA | G77: =+'Maestro infraestructura'!X76 -> GENERAL | H77: =+'Maestro infraestructura'!Y76 -> 2 | I77: =+'Maestro infraestructura'!S76 -> 46198 | J77: =+'Maestro infraestructura'!T76 -> 46563 | K77: =IF(E77="Cambiar o Inspección externa",1/1/2027,IF(E77="cambiar",1/1/2027,J77)) -> 46563
A78: =+'Maestro infraestructura'!A77 -> CICLO INICIAL | B78: =+'Maestro infraestructura'!B77 -> 1° Piso | C78: =+'Maestro infraestructura'!C77 -> K2D | D78: =+'Maestro infraestructura'!F77 -> Ventanas | E78: =+'Maestro infraestructura'!K77 -> Activo | F78: =+'Maestro infraestructura'!V77 -> AL DÍA | G78: =+'Maestro infraestructura'!X77 -> SEGURIDAD | H78: =+'Maestro infraestructura'!Y77 -> 2 | J78: =+'Maestro infraestructura'!T77 -> 46563 | K78: =IF(E78="Cambiar o Inspección externa",1/1/2027,IF(E78="cambiar",1/1/2027,J78)) -> 46563
A79: =+'Maestro infraestructura'!A78 -> CICLO INICIAL | B79: =+'Maestro infraestructura'!B78 -> 1° Piso | C79: =+'Maestro infraestructura'!C78 -> K2D | D79: =+'Maestro infraestructura'!F78 -> Radiadores | E79: =+'Maestro infraestructura'!K78 -> Activo | F79: =+'Maestro infraestructura'!V78 -> AL DÍA | G79: =+'Maestro infraestructura'!X78 -> GENERAL | H79: =+'Maestro infraestructura'!Y78 -> 1 | J79: =+'Maestro infraestructura'!T78 -> 46563 | K79: =IF(E79="Cambiar o Inspección externa",1/1/2027,IF(E79="cambiar",1/1/2027,J79)) -> 46563
A80: =+'Maestro infraestructura'!A79 -> CICLO INICIAL | B80: =+'Maestro infraestructura'!B79 -> 1° Piso | C80: =+'Maestro infraestructura'!C79 -> K2D | D80: =+'Maestro infraestructura'!F79 -> Piso | E80: =+'Maestro infraestructura'!K79 -> Activo | F80: =+'Maestro infraestructura'!V79 -> AL DÍA | G80: =+'Maestro infraestructura'!X79 -> GENERAL | H80: =+'Maestro infraestructura'!Y79 -> 2 | J80: =+'Maestro infraestructura'!T79 -> 46563 | K80: =IF(E80="Cambiar o Inspección externa",1/1/2027,IF(E80="cambiar",1/1/2027,J80)) -> 46563
A81: =+'Maestro infraestructura'!A80 -> CICLO INICIAL | B81: =+'Maestro infraestructura'!B80 -> 1° Piso | C81: =+'Maestro infraestructura'!C80 -> K2D | D81: =+'Maestro infraestructura'!F80 -> Enchufes | E81: =+'Maestro infraestructura'!K80 -> Activo | F81: =+'Maestro infraestructura'!V80 -> AL DÍA | G81: =+'Maestro infraestructura'!X80 -> GENERAL | H81: =+'Maestro infraestructura'!Y80 -> 2 | J81: =+'Maestro infraestructura'!T80 -> 46563 | K81: =IF(E81="Cambiar o Inspección externa",1/1/2027,IF(E81="cambiar",1/1/2027,J81)) -> 46563
A82: =+'Maestro infraestructura'!A81 -> CICLO INICIAL | B82: =+'Maestro infraestructura'!B81 -> 1° Piso | C82: =+'Maestro infraestructura'!C81 -> K2D | D82: =+'Maestro infraestructura'!F81 -> TV | E82: =+'Maestro infraestructura'!K81 -> Activo | F82: =+'Maestro infraestructura'!V81 -> AL DÍA | G82: =+'Maestro infraestructura'!X81 -> OPERACIÓN | H82: =+'Maestro infraestructura'!Y81 -> 2 | J82: =+'Maestro infraestructura'!T81 -> 46563 | K82: =IF(E82="Cambiar o Inspección externa",1/1/2027,IF(E82="cambiar",1/1/2027,J82)) -> 46563
A83: =+'Maestro infraestructura'!A82 -> CICLO INICIAL | B83: =+'Maestro infraestructura'!B82 -> 1° Piso | C83: =+'Maestro infraestructura'!C82 -> K2D | D83: =+'Maestro infraestructura'!F82 -> Pizarra | E83: =+'Maestro infraestructura'!K82 -> Activo | F83: =+'Maestro infraestructura'!V82 -> AL DÍA | G83: =+'Maestro infraestructura'!X82 -> OPERACIÓN | H83: =+'Maestro infraestructura'!Y82 -> 2 | J83: =+'Maestro infraestructura'!T82 -> 46563 | K83: =IF(E83="Cambiar o Inspección externa",1/1/2027,IF(E83="cambiar",1/1/2027,J83)) -> 46563
A84: =+'Maestro infraestructura'!A83 -> CICLO INICIAL | B84: =+'Maestro infraestructura'!B83 -> 1° Piso | C84: =+'Maestro infraestructura'!C83 -> K2D | D84: =+'Maestro infraestructura'!F83 -> Puertas | E84: =+'Maestro infraestructura'!K83 -> Activo | F84: =+'Maestro infraestructura'!V83 -> AL DÍA | G84: =+'Maestro infraestructura'!X83 -> GENERAL | H84: =+'Maestro infraestructura'!Y83 -> 2 | J84: =+'Maestro infraestructura'!T83 -> 46563 | K84: =IF(E84="Cambiar o Inspección externa",1/1/2027,IF(E84="cambiar",1/1/2027,J84)) -> 46563 | L84: Sí
A85: =+'Maestro infraestructura'!A84 -> CICLO INICIAL | B85: =+'Maestro infraestructura'!B84 -> 1° Piso | C85: =+'Maestro infraestructura'!C84 -> S17 | D85: =+'Maestro infraestructura'!F84 -> Ventanas | E85: =+'Maestro infraestructura'!K84 -> Activo | F85: =+'Maestro infraestructura'!V84 -> AL DÍA | G85: =+'Maestro infraestructura'!X84 -> SEGURIDAD | H85: =+'Maestro infraestructura'!Y84 -> 2 | J85: =+'Maestro infraestructura'!T84 -> 46563 | K85: =IF(E85="Cambiar o Inspección externa",1/1/2027,IF(E85="cambiar",1/1/2027,J85)) -> 46563 | L85: Sí
A86: =+'Maestro infraestructura'!A85 -> CICLO INICIAL | B86: =+'Maestro infraestructura'!B85 -> 1° Piso | C86: =+'Maestro infraestructura'!C85 -> S17 | D86: =+'Maestro infraestructura'!F85 -> Radiadores | E86: =+'Maestro infraestructura'!K85 -> Activo | F86: =+'Maestro infraestructura'!V85 -> AL DÍA | G86: =+'Maestro infraestructura'!X85 -> GENERAL | H86: =+'Maestro infraestructura'!Y85 -> 1 | J86: =+'Maestro infraestructura'!T85 -> 46563 | K86: =IF(E86="Cambiar o Inspección externa",1/1/2027,IF(E86="cambiar",1/1/2027,J86)) -> 46563
A87: =+'Maestro infraestructura'!A86 -> CICLO INICIAL | B87: =+'Maestro infraestructura'!B86 -> 1° Piso | C87: =+'Maestro infraestructura'!C86 -> S17 | D87: =+'Maestro infraestructura'!F86 -> Piso | E87: =+'Maestro infraestructura'!K86 -> Activo | F87: =+'Maestro infraestructura'!V86 -> AL DÍA | G87: =+'Maestro infraestructura'!X86 -> GENERAL | H87: =+'Maestro infraestructura'!Y86 -> 2 | I87: =+'Maestro infraestructura'!S86 -> 46198 | J87: =+'Maestro infraestructura'!T86 -> 46563 | K87: =IF(E87="Cambiar o Inspección externa",1/1/2027,IF(E87="cambiar",1/1/2027,J87)) -> 46563
A88: =+'Maestro infraestructura'!A87 -> CICLO INICIAL | B88: =+'Maestro infraestructura'!B87 -> 1° Piso | C88: =+'Maestro infraestructura'!C87 -> S17 | D88: =+'Maestro infraestructura'!F87 -> Enchufes | E88: =+'Maestro infraestructura'!K87 -> Activo | F88: =+'Maestro infraestructura'!V87 -> AL DÍA | G88: =+'Maestro infraestructura'!X87 -> GENERAL | H88: =+'Maestro infraestructura'!Y87 -> 2 | J88: =+'Maestro infraestructura'!T87 -> 46563 | K88: =IF(E88="Cambiar o Inspección externa",1/1/2027,IF(E88="cambiar",1/1/2027,J88)) -> 46563
A89: =+'Maestro infraestructura'!A88 -> CICLO INICIAL | B89: =+'Maestro infraestructura'!B88 -> 1° Piso | C89: =+'Maestro infraestructura'!C88 -> S17 | D89: =+'Maestro infraestructura'!F88 -> TV | E89: =+'Maestro infraestructura'!K88 -> Activo | F89: =+'Maestro infraestructura'!V88 -> AL DÍA | G89: =+'Maestro infraestructura'!X88 -> OPERACIÓN | H89: =+'Maestro infraestructura'!Y88 -> 2 | J89: =+'Maestro infraestructura'!T88 -> 46563 | K89: =IF(E89="Cambiar o Inspección externa",1/1/2027,IF(E89="cambiar",1/1/2027,J89)) -> 46563
A90: =+'Maestro infraestructura'!A89 -> CICLO INICIAL | B90: =+'Maestro infraestructura'!B89 -> 1° Piso | C90: =+'Maestro infraestructura'!C89 -> S17 | D90: =+'Maestro infraestructura'!F89 -> Pizarra | E90: =+'Maestro infraestructura'!K89 -> Activo | F90: =+'Maestro infraestructura'!V89 -> AL DÍA | G90: =+'Maestro infraestructura'!X89 -> OPERACIÓN | H90: =+'Maestro infraestructura'!Y89 -> 2 | J90: =+'Maestro infraestructura'!T89 -> 46563 | K90: =IF(E90="Cambiar o Inspección externa",1/1/2027,IF(E90="cambiar",1/1/2027,J90)) -> 46563
A91: =+'Maestro infraestructura'!A90 -> CICLO INICIAL | B91: =+'Maestro infraestructura'!B90 -> 1° Piso | C91: =+'Maestro infraestructura'!C90 -> S17 | D91: =+'Maestro infraestructura'!F90 -> Puertas | E91: =+'Maestro infraestructura'!K90 -> Activo | F91: =+'Maestro infraestructura'!V90 -> AL DÍA | G91: =+'Maestro infraestructura'!X90 -> GENERAL | H91: =+'Maestro infraestructura'!Y90 -> 2 | J91: =+'Maestro infraestructura'!T90 -> 46563 | K91: =IF(E91="Cambiar o Inspección externa",1/1/2027,IF(E91="cambiar",1/1/2027,J91)) -> 46563
A92: =+'Maestro infraestructura'!A91 -> CICLO INICIAL | B92: =+'Maestro infraestructura'!B91 -> 1° Piso | C92: =+'Maestro infraestructura'!C91 -> S18 | D92: =+'Maestro infraestructura'!F91 -> Ventanas | E92: =+'Maestro infraestructura'!K91 -> Activo | F92: =+'Maestro infraestructura'!V91 -> AL DÍA | G92: =+'Maestro infraestructura'!X91 -> SEGURIDAD | H92: =+'Maestro infraestructura'!Y91 -> 2 | J92: =+'Maestro infraestructura'!T91 -> 46563 | K92: =IF(E92="Cambiar o Inspección externa",1/1/2027,IF(E92="cambiar",1/1/2027,J92)) -> 46563
A93: =+'Maestro infraestructura'!A92 -> CICLO INICIAL | B93: =+'Maestro infraestructura'!B92 -> 1° Piso | C93: =+'Maestro infraestructura'!C92 -> S18 | D93: =+'Maestro infraestructura'!F92 -> Radiadores | E93: =+'Maestro infraestructura'!K92 -> Activo | F93: =+'Maestro infraestructura'!V92 -> AL DÍA | G93: =+'Maestro infraestructura'!X92 -> GENERAL | H93: =+'Maestro infraestructura'!Y92 -> 1 | J93: =+'Maestro infraestructura'!T92 -> 46563 | K93: =IF(E93="Cambiar o Inspección externa",1/1/2027,IF(E93="cambiar",1/1/2027,J93)) -> 46563
A94: =+'Maestro infraestructura'!A93 -> CICLO INICIAL | B94: =+'Maestro infraestructura'!B93 -> 1° Piso | C94: =+'Maestro infraestructura'!C93 -> S18 | D94: =+'Maestro infraestructura'!F93 -> Piso | E94: =+'Maestro infraestructura'!K93 -> Activo | F94: =+'Maestro infraestructura'!V93 -> AL DÍA | G94: =+'Maestro infraestructura'!X93 -> GENERAL | H94: =+'Maestro infraestructura'!Y93 -> 2 | I94: =+'Maestro infraestructura'!S93 -> 46198 | J94: =+'Maestro infraestructura'!T93 -> 46563 | K94: =IF(E94="Cambiar o Inspección externa",1/1/2027,IF(E94="cambiar",1/1/2027,J94)) -> 46563
A95: =+'Maestro infraestructura'!A94 -> CICLO INICIAL | B95: =+'Maestro infraestructura'!B94 -> 1° Piso | C95: =+'Maestro infraestructura'!C94 -> S18 | D95: =+'Maestro infraestructura'!F94 -> Enchufes | E95: =+'Maestro infraestructura'!K94 -> Activo | F95: =+'Maestro infraestructura'!V94 -> AL DÍA | G95: =+'Maestro infraestructura'!X94 -> GENERAL | H95: =+'Maestro infraestructura'!Y94 -> 2 | J95: =+'Maestro infraestructura'!T94 -> 46563 | K95: =IF(E95="Cambiar o Inspección externa",1/1/2027,IF(E95="cambiar",1/1/2027,J95)) -> 46563
A96: =+'Maestro infraestructura'!A95 -> CICLO INICIAL | B96: =+'Maestro infraestructura'!B95 -> 1° Piso | C96: =+'Maestro infraestructura'!C95 -> S18 | D96: =+'Maestro infraestructura'!F95 -> TV | E96: =+'Maestro infraestructura'!K95 -> Activo | F96: =+'Maestro infraestructura'!V95 -> AL DÍA | G96: =+'Maestro infraestructura'!X95 -> OPERACIÓN | H96: =+'Maestro infraestructura'!Y95 -> 2 | J96: =+'Maestro infraestructura'!T95 -> 46563 | K96: =IF(E96="Cambiar o Inspección externa",1/1/2027,IF(E96="cambiar",1/1/2027,J96)) -> 46563
A97: =+'Maestro infraestructura'!A96 -> CICLO INICIAL | B97: =+'Maestro infraestructura'!B96 -> 1° Piso | C97: =+'Maestro infraestructura'!C96 -> S18 | D97: =+'Maestro infraestructura'!F96 -> Pizarra | E97: =+'Maestro infraestructura'!K96 -> Activo | F97: =+'Maestro infraestructura'!V96 -> AL DÍA | G97: =+'Maestro infraestructura'!X96 -> OPERACIÓN | H97: =+'Maestro infraestructura'!Y96 -> 2 | J97: =+'Maestro infraestructura'!T96 -> 46563 | K97: =IF(E97="Cambiar o Inspección externa",1/1/2027,IF(E97="cambiar",1/1/2027,J97)) -> 46563
A98: =+'Maestro infraestructura'!A97 -> CICLO INICIAL | B98: =+'Maestro infraestructura'!B97 -> 1° Piso | C98: =+'Maestro infraestructura'!C97 -> S18 | D98: =+'Maestro infraestructura'!F97 -> Puertas | E98: =+'Maestro infraestructura'!K97 -> Activo | F98: =+'Maestro infraestructura'!V97 -> AL DÍA | G98: =+'Maestro infraestructura'!X97 -> GENERAL | H98: =+'Maestro infraestructura'!Y97 -> 2 | J98: =+'Maestro infraestructura'!T97 -> 46563 | K98: =IF(E98="Cambiar o Inspección externa",1/1/2027,IF(E98="cambiar",1/1/2027,J98)) -> 46563
A99: =+'Maestro infraestructura'!A98 -> CICLO INICIAL | B99: =+'Maestro infraestructura'!B98 -> 1° Piso | C99: =+'Maestro infraestructura'!C98 -> COCINA | D99: =+'Maestro infraestructura'!F98 -> Ventanas | E99: =+'Maestro infraestructura'!K98 -> Activo | F99: =+'Maestro infraestructura'!V98 -> AL DÍA | G99: =+'Maestro infraestructura'!X98 -> SEGURIDAD | H99: =+'Maestro infraestructura'!Y98 -> 2 | J99: =+'Maestro infraestructura'!T98 -> 46563 | K99: =IF(E99="Cambiar o Inspección externa",1/1/2027,IF(E99="cambiar",1/1/2027,J99)) -> 46563
A100: =+'Maestro infraestructura'!A99 -> CICLO INICIAL | B100: =+'Maestro infraestructura'!B99 -> 1° Piso | C100: =+'Maestro infraestructura'!C99 -> COCINA | D100: =+'Maestro infraestructura'!F99 -> Radiadores | E100: =+'Maestro infraestructura'!K99 -> Activo | F100: =+'Maestro infraestructura'!V99 -> AL DÍA | G100: =+'Maestro infraestructura'!X99 -> GENERAL | H100: =+'Maestro infraestructura'!Y99 -> 1 | J100: =+'Maestro infraestructura'!T99 -> 46563 | K100: =IF(E100="Cambiar o Inspección externa",1/1/2027,IF(E100="cambiar",1/1/2027,J100)) -> 46563
...

Sheet Descripción
B1: Objetivo de Maestro de Mantenciones
B4: Clasificaión | C4: Descripción
B5: SEGURIDAD | C5: Incluye todos los activos, equipos e infraestructura diseñados exclusivamente para proteger la integridad física de las personas (alumnos, personal, visitas), prevenir accidentes, responder a emergencias o resguardar los bienes del colegio frente a amenazas externas.
B6: OPERACIÓN | C6: Son los activos e infraestructura críticos para el funcionamiento diario de la actividad educativa y administrativa. Sin ellos, las clases no se pueden dictar de manera óptima o el colegio simplemente no puede "abrir sus puertas" en el día a día.
B7: LEGAL | C7: Activos o adaptaciones en la infraestructura que el colegio está obligado a tener por normativas, leyes vigentes o regulaciones del Ministerio de Educación y Salud. Su ausencia o mal estado puede derivar en multas, clausuras o la pérdida de la resolución/reconocimiento oficial.
B8: GENERAL | C8: Activos e infraestructura destinados al confort, la estética, el esparcimiento o el soporte secundario. No son obligatorios por ley ni detienen la operación básica del colegio si fallan, pero mejoran la calidad de vida y la experiencia en la comunidad escolar.
B10: Prioridad | C10: Descripción | D10: Ejemplo:
B11: 1 | C11: No se puede funcionar sin él / requiere acción inmediata / alta ocupación / efecto en imagen | D11: fachada externa
B12: 2 | C12: Secundario a la operación o seguridad / activo secundario o de respaldo
B13: 3 | C13: General / no afecta la operación ni la seguridad | D13: fachada interna

Sheet M2
A1: N600 | B1: 601 | C1: 602 | D1: 603 | E1: 604 | F1: 606 | G1: 607 | H1: 608 | I1: 609 | J1: 610 | K1: 611 | L1: 612 | M1: 613 | N1: 614 | O1: 615 | P1: 618 | Q1: 623 | R1: 624 | S1: 625 | T1: 626
B2: =7.2*8.7 -> 62.64 | C2: =7.2*8.7 -> 62.64 | D2: =7.2*8.7 -> 62.64 | E2: =7.2*8.7 -> 62.64 | F2: =7.2*8.7 -> 62.64 | G2: =7.2*8.7 -> 62.64 | H2: =7.2*8.7 -> 62.64 | I2: =7.2*8.7 -> 62.64 | J2: 41.8 | K2: =7.2*8.7 -> 62.64 | L2: =7.2*8.7 -> 62.64 | M2: =7.2*8.7 -> 62.64 | N2: 41.8 | O2: =7.2*8.7 -> 62.64 | P2: =7.2*8.7 -> 62.64 | Q2: =7.2*8.7 -> 62.64 | R2: =7.2*8.7 -> 62.64 | S2: =7.2*8.7 -> 62.64 | T2: =7.2*8.7 -> 62.64
A3: N500 | B3: 501 | C3: 502 | D3: 503 | E3: 504 | F3: 506 | G3: 507 | H3: 508 | I3: 509 | J3: 510 | K3: 511 | L3: ZS3 | M3: 513 | N3: 515 | O3: 516 | P3: 522 | Q3: 523 | R3: 524 | S3: 525 | T3: 526
B4: =7.2*8.7 -> 62.64 | C4: =7.2*8.7 -> 62.64 | D4: =7.2*8.7 -> 62.64 | E4: =7.2*8.7 -> 62.64 | F4: =7.2*8.7 -> 62.64 | G4: =7.2*8.7 -> 62.64 | H4: =7.2*8.7 -> 62.64 | I4: =7.2*8.7 -> 62.64 | J4: 41.8 | K4: =7.2*8.7 -> 62.64 | L4: =7.2*8.7 -> 62.64 | M4: =7.2*8.7 -> 62.64 | N4: =7.2*8.7 -> 62.64 | O4: 41.8 | P4: =7.2*8.7 -> 62.64 | Q4: =7.2*8.7 -> 62.64 | R4: =7.2*8.7 -> 62.64 | S4: =7.2*8.7 -> 62.64 | T4: =7.2*8.7 -> 62.64
A5: N400 | B5: LAB. INFOR | C5: BIBLIOTECA
B6: 82.65 | C6: 234.9
A7: N300 | B7: 301 | C7: Biología 1 | D7: Biología 2 | E7: Química 1 | F7: Química 2 | G7: Física 1 | H7: Física 2 | I7: ZS1 | J7: ZS2
B8: 65.25 | C8: 65.25 | D8: 87.5 | E8: 91.35 | F8: 63 | G8: 91.35 | H8: 63 | I8: 72 + b | J8: 72 + b
A9: N200 | B9: Gimnasio | C9: Escenario
B10: 648 | C10: 162
A11: N100 | B11: Tecnología 3 | C11: Tecnología 2 | D11: Tecnología 1
B12: 78.3 | C12: 78.3 | D12: 78.3
A13: NEUBAU | B13: 1A | C13: 1B | D13: 1C | E13: 1D | F13: S7 | G13: S8 | H13: 2A | I13: 2B | J13: 2C | K13: 2D | L13: 3A | M13: 3B | N13: 3C | O13: 3D
B14: 68 | C14: 68 | D14: 68 | E14: 68 | F14: 68 | G14: 68 | H14: 75 | I14: 75 | J14: 75 | K14: 75 | L14: 68 | M14: 68 | N14: 68 | O14: 68
A15: CICLO INICIAL | B15: K1A | C15: K1B | D15: K1C | E15: K1D | F15: K2A | G15: K2B | H15: K2C | I15: K2D | J15: S17 | K15: S18 | L15: COCINA | M15: SPORT | N15: PATIO
B16: 48X2 | C16: 48X2 | D16: 48X2 | E16: 48X2 | F16: 48X2 | G16: 72 | H16: 72 | I16: 69.5 | J16: 44 | K16: 44 | L16: 80.8 | M16: 80.8 | N16: 832
A17: SPIELGRUPPE | B17: SPG1 | C17: SPG2 | D17: SPG3 | E17: SPG4
B18: 30.82 | C18: 30.82 | D18: 33.6 | E18: 32.49

Sheet Pendientes
B2: Camaras exteriores
B3: Barreras
B4: extintores
B6: Oficinas
B8: Escritorio
B9: Servidores
B11: Priaux
B12: Estanque
B14: Habitaciones Ferien
